model,mod,M,MEquiv,r,dimension,rep,startTime,step,checksum,putime,samptime,klerror,kl,covdiv,meandiv,entropydiv,b01,b02,b03,b04,b05,b06,b07,b08,b09,b10,b11,b12,b13,b14,b15,b16,b17,b18,b19,b20,v0101,v0202,v0303,v0404,v0505,v0606,v0707,v0808,v0909,v1010,v1111,v1212,v1313,v1414,v1515,v1616,v1717,v1818,v1919,v2020,v0102,v0203,v0304,v0405,v0506,v0607,v0708,v0809,v0910,v1011,v1112,v1213,v1314,v1415,v1516,v1617,v1718,v1819,v1920,v0103,v0204,v0305,v0406,v0507,v0608,v0709,v0810,v0911,v1012,v1113,v1214,v1315,v1416,v1517,v1618,v1719,v1820,t01,t02,t03,t04,t05,t06,t07,t08,t09,t10,t11,t12,t13,t14,t15,t16,t17,t18,t19,t20,k01,k02,k03,k04,k05,k06,k07,k08,k09,k10,k11,k12,k13,k14,k15,k16,k17,k18,k19,k20,o01,o02,o03,o04,o05,o06,o07,o08,o09,o10,o11,o12,o13,o14,o15,o16,o17,o18,o19,o20
Block PF,block,32000,400,5,20,1,2019-01-24T09:06:14.458,1,2.9586795458099164,29.756210007,0,,77.09363532973681,11.38769189725856,66.27765759164407,-0.5717141591658189,0.13346052265316155,0.028492316873153456,-1.0917279515811866,-1.902385686915058,-0.18369177487209765,0.5303601524726469,0.08087075589339499,-0.13170798229077008,0.7808032347579577,0.02351819787082654,-1.3534325636110065,-5.496973942637059,-0.5884792053591685,-0.04113709567450541,-2.3677581930041742,-0.4585443795619053,-0.2221125459252562,0.6155200535759207,-1.5472610576488677,-5.585008588322752,0.17030385079411334,0.02612113189502206,0.2191470595489531,0.7997064380438828,0.40314124377781396,0.1673705768449951,3.8175388057030504,0.5924951581227017,0.2366611205571084,0.20531069681593175,2.74751116439163,4.729558030870593,1.0080166691767471,0.15933869903880213,4.886055337757476,1.2354368253300032,0.09115651177030717,0.0900716949353722,1.0555358493968776,13.278845843526495,0.023516702120675116,-0.012754123263525615,0.10101934857738107,0.1358384721317712,0.0,-0.10601352817353876,0.8239786654816817,0.201756386070556,0.09665672255046823,0.0,0.37798521401275087,0.7373404383155308,0.08322753202377813,-0.06276442961474407,0.0,-0.0066816592652462654,-0.048035075196475575,-0.2381493308938544,3.2503172493461165,-0.06752049037052935,-0.03651355128214553,-0.04248661224627706,0.0,0.0,-0.061192143478819856,0.3050235270958293,0.21135358968723075,0.0,0.0,-0.08698502757509112,0.32491851958081247,0.7590805129790877,0.0,0.0,-0.24735091069321502,0.022262020754200123,-0.41596869262520997,-6.123903957477955,0.07978159157269923,2.5693096798380863,9.524554685469944,4.233239353006511,2.865232694374587,4.856395592676935,0.286345656310784,0.5945852177940523,1.9439455758825173,0.5771129955773229,0.6287646342412035,6.559879940100336,5.043216772179855,-0.6651174003974771,5.36265438135062,1.464361755676988,2.4475412619097536,6.603584186876526,8.547783185992921,-1.6957361353854132,5.744808712747941,-0.8909959205651816,2.3509639724007023,7.613949829354752,4.032262204436568,2.988687054009471,-6.287517620196423,6.154256354804647,2.9095072779576467,-7.372820739839929,-1.9787943170825422,-0.6775922823957661,-0.49863797186694114,-1.4512891851847183,-2.844381687889827,-7.379866549113977,8.995325689910397,-4.742642691304432,2.9586795458099164,-2.0835655808008307,5.72225679987542,-1.878884356183535,-0.15971870653231912,7.571055365949724,3.9925848264809347,0.7614368557914586,-6.859018325004278,6.0804266089968335,2.858602350737224,-9.080911933155477,-6.413814013563674,-1.6417692026619628,-0.5836243515856114,-5.651862156377925,-3.2781569554054175,-7.995061211078534,9.0052789468095,-6.158491879227146,0.7180926772809906
Block PF,block,32000,400,5,20,1,2019-01-24T09:06:14.458,2,5.008493424356807,32.541263085,0,,567275.8566860761,567289.6348208189,1.4456911672173978,-15.22382591002949,-0.9429455052891926,-1.5751654050000745,-1.8846856134481558,-1.547749492242236,1.6345586437593136,-0.8498000785037814,-3.4867541854162036,0.18107660956643915,-0.5972992183585517,0.19494915167638727,0.5602974520825756,1.0986367317093726,1.0492516128699414,0.22832975261232402,-1.3996773833749634,-0.3792567050287161,-0.38173925948523935,-0.2531120673077847,-4.656593676416613,1.870669288969066,8.512737477824963e-5,0.0005523420638120699,0.0005192391112868807,0.00012784048462036727,3.4352177437471604e-6,0.028360003023522457,0.6519546839234909,0.0040094547333269686,0.16074292928449685,0.008031488635536899,0.0007708202394457811,0.03251232845197386,0.2610996002603251,0.07264995457052592,0.4231619595700054,0.012478261678502864,0.009651153894938608,0.0004559231552096147,0.12270555981148333,0.01570956723619686,0.00021515192909936313,0.0005343534595135681,0.00025655695020081605,-1.89583470527576e-5,0.0,0.13596993777859825,0.05111476903234151,-0.025384695995559155,0.03592885249030886,0.0,0.0045698910372495415,-0.09142106779464466,0.1316904455259081,-0.15020716079888166,0.0,-0.0015018541891411118,-0.001970237861332224,0.005071585786983879,-0.04385481679365265,0.00020867080046710793,0.00026467555997648193,-3.790971059161144e-5,0.0,0.0,0.010662282802954172,-0.32370738983682995,-0.005674173270830417,0.0,0.0,-0.012715885125593535,-0.04530864002378913,-0.3221286054152948,0.0,0.0,-0.0004750438762872139,-0.013674373916381849,-0.0017639774289391961,-2.119995779115584,4.157441214556647,4.651135203756151,7.081097250098864,11.923772606664949,3.2403049432080357,4.649668906547842,7.755799864512667,-2.562130053437922,0.669842251299257,-0.42464130631651203,-0.1755922147010464,2.2761072074469766,4.036895976225608,5.0379909636580935,4.067590061942573,-3.5774884478233604,2.072716647409671,5.752467793230913,4.524660250302264,-5.372743391726894,0.2715409369452786,1.8832092731281218,6.923761690401555,5.263865539840518,2.686222874733217,5.46373168785012,-0.21458442078736106,0.5506703239410884,1.696333662365944,1.2506805992698329,2.1413060953871685,7.179478800917192,5.4406680954048685,0.04671705247241131,5.261554063024771,1.7382866907873025,2.0041361554734833,6.234156087934252,5.008493424356807,-6.008858103095403,0.25317458765468687,2.5550112520291783,9.342461523230268,5.074202783521222,2.6472304250837824,7.495235835932275,-0.16075905714656624,0.6076335910028638,1.6995012823303313,1.1544524857717646,2.148614157131418,7.296000768345093,5.459658584855444,0.422165608335056,5.293195482128818,1.6780862151199971,2.0105407477814943,7.047321088964091,8.097068129365963
Block PF,block,32000,400,5,20,1,2019-01-24T09:06:14.458,3,4.344832014045144,35.841153976,0,,778167.8569968056,778188.4768373283,0.009271994406165638,-20.629112516996393,0.5205478954452598,-2.3751500648349664,2.1034824923329682,4.466221504036058,-7.327340310144171,-2.3722698216262437,-1.5600980553557733,0.5048403889351576,-0.8528844520452727,-0.34450570109245937,3.837961000082849,3.0613582076475767,0.9723026777550654,-0.084463809031456,-3.1217477444405684,-3.4534105332201013,-0.8719551773175871,-2.057958749209071,1.6152091582860981,-4.399350881401368,6.408409684353115e-7,2.4565813790488965e-7,1.7461238505601086e-6,5.086755093869779e-5,3.827760517807456e-5,0.0005726404714834518,0.0005670359813695575,0.0008600408076701697,0.0008252733957472457,0.0010120755253325896,0.0068531771533388115,0.00021499122840908395,3.5375793598549946e-6,2.620912118398043e-5,0.000663203314525627,4.65946866742165e-5,7.919349905091595e-6,1.1132312801016203e-5,2.4879251122719246e-6,3.732059638407593e-6,2.306669591516661e-7,-4.631019224646795e-7,5.736940617935801e-6,4.3200978729541036e-5,0.0,0.00027646652822298305,-0.0003759605508871702,-0.0005458322621733771,0.0008954574754202899,0.0,-0.0011978740050969108,2.1567004193060692e-5,-6.582070882262438e-6,-0.00011541450548703994,0.0,-1.6388669174717967e-5,-6.114511850551395e-6,2.058991412562825e-6,-7.133250242185492e-7,-5.302257492762694e-7,-1.5940225662536116e-6,5.437516484689714e-6,0.0,0.0,0.0003305688538333205,-0.00019453706738173157,-0.0007089593246242259,0.0,0.0,-0.00012102668332119359,-6.951870554149207e-5,3.707651957368756e-5,0.0,0.0,2.0096713165940747e-5,6.277475894417716e-7,-4.987834478419465e-6,2.1701656232921076,7.317255907944945,-1.465990201576648,-7.47317778690519,3.04451639775375,7.262987287282537,7.927962744314177,4.221322428997432,-4.473066229384659,4.365775119101736,9.132399133025364,0.8432051859396296,0.6651267478153245,-0.1484255240352867,0.7003691411442828,2.801741970588491,8.242728415691722,-0.3779796660758361,-3.5713944694632014,0.2261523388132235,-1.4149970985423745,4.097428563973258,3.753027882352326,3.2491371867351613,10.408158087496268,3.4633366647659862,7.807706399918713,6.705905040939454,-2.838964497487881,0.8639490690311034,0.702547680067403,-1.6949640849895031,1.6061713475441346,3.6690943924910067,6.506701666040339,3.579079872657178,-3.4599624294465503,2.407337318209243,5.3560892037734895,4.344832014045144,-1.5379483185150482,4.097202825781544,3.5306065384018805,6.414938017037106,11.417309785443209,3.495978851590506,5.838943425143516,6.93259426867404,-2.893065065263028,0.812641118720324,0.6196249672174279,-2.6884521342353467,1.512211958067351,3.6605295087847525,6.875275257766592,3.580917096231679,-3.4665270572705955,2.4272969993458124,5.438239455029763,2.093715087627701
Block PF,block,32000,400,5,20,1,2019-01-24T09:06:14.458,4,-2.2223994470288,30.692857956,0,,-1.8629859659027247e19,-1.8629859659027247e19,1.9627689984546965,-14.25312114139761,-1.7653014478821518,-1.6794312379199434,5.586189423928227,3.933712714574971,1.402614137338709,-3.5717547877909155,-9.993218414206911,-1.8886954171839732,12.909821682332725,-0.48985140788030845,-9.44427056022551,2.102219371243749,1.5209084168245077,2.0825984439550247,5.980412871804144,1.6498331904441592,-2.6597548965871347,0.5507072416407017,-0.03187521704838003,2.651796792413802,4.6151343991645924e-5,2.7500177487767716e-5,0.0007105006615311397,0.0010958703395306274,0.0003341891434764674,0.0039004451916659806,2.6303737909459277e-5,0.0010012001590054506,0.0002615048952986867,0.0004409732581438675,0.1577877187954577,0.2150322597311842,1.3686794863842138,0.005231788102153151,0.7995246376979216,0.00011612775185521198,2.6565970419449947e-5,3.283195366408875e-5,4.125299688957178e-5,1.797094672952367e-5,-3.4897671346404536e-5,0.00013435207635704194,0.0008810188327382228,0.0005932375188699348,0.0,0.0003129419539582311,0.00015815525746365325,0.0004935001027816505,-0.00023926037658207695,0.0,0.1841985325960024,0.5425023562744137,0.08461270878974793,-0.0646691946836043,0.0,-4.8402397678309325e-5,1.8900872117503708e-5,-3.6074452678991765e-5,-2.706891227227548e-5,-0.00017544097485843105,0.00016743403463275413,0.00047807194590014163,0.0,0.0,0.001973622185003683,7.781368282717845e-5,-0.0005502540897095058,0.0,0.0,0.46471380886491015,0.033537951681422214,-1.0460809478251016,0.0,0.0,-5.069406291155565e-5,-2.5768329008075095e-5,2.3278777707222202e-5,-1.5913680425277767,1.8088005475551623,2.5384471937924027,4.81675729708314,7.894744258009441,-0.45707850304291064,1.395545200725734,0.7115360192680387,-0.17815919704002883,-1.2156459512913278,3.7713587730335205,9.52896543814682,4.288275326666959,1.3795979604121218,-0.8428295387329497,5.332585240943307,4.353339718162882,0.8088448361719264,3.0973016052563,6.015581396708292,2.710956582313452,7.178285423561454,0.06944376176551348,-4.081470456695923,2.687503808972669,6.943328542907355,4.887670505028412,3.6314976393218634,-3.341244791720383,3.9464287952535813,7.350759910453625,2.1591991195723845,0.48032942707742077,0.46759990183353706,0.3062109352304508,3.2340027863751786,8.25986112322641,-0.6316532410756145,-3.2790990767515034,-2.2223994470288,2.7346251435304545,7.15740071393317,-0.5331326565116334,-6.197884371474048,2.2027738682044573,7.046249379819228,7.7702475079496605,3.889715538276678,-3.7903806857500113,3.922551561923294,8.8155967794328,2.748255742332221,0.35228923627134356,0.4459065408324926,0.3202705934638645,3.286180986971492,8.281136314008323,-0.6355992674100275,-3.1876859902816683,-3.6430543627140466
Block PF,block,32000,400,5,20,1,2019-01-24T09:06:14.458,5,4.55589227339244,34.555235395,0,,253858.69711054288,253876.24523089323,0.06449255247379133,-17.612612902795256,0.9526336472797068,-2.6906155055322483,-1.9790169131284632,-1.8999652641866083,2.4880293184884783,2.243535976031792,-4.076962636131826,0.3176161082597946,-0.16914701039626234,5.083668556053368,1.997378575794185,-1.8139112274186706,4.141179292968959,0.29053833937060625,2.018275915380756,3.001070171386882,1.8187391280632967,3.319671981925521,1.4921164938489628,-7.088821732719554,0.001208338494050111,1.770927330573759e-5,1.3930480248624709e-5,0.00010002463587954862,9.28365650306448e-6,3.6698361759281334e-6,2.6230767102215053e-5,3.37852759636623e-5,2.2944986125687075e-5,0.00015725781359356015,0.03686809615770601,0.007397735047641973,0.049204411096798316,0.021014832363020753,0.030836826430728402,3.5287848287358925e-5,0.009148814078308044,0.0004112356673614798,0.0007564407723975143,0.0006534018430777243,3.5720414716638706e-5,5.8212910753108285e-6,-8.930455455406806e-6,2.2183516867622386e-5,0.0,-7.934578993251586e-6,-2.5667702642517266e-5,2.4761091973898003e-5,5.831669105757958e-5,0.0,-0.013173217272955746,0.016902404872278513,-0.02767213167363212,0.025399538994129677,0.0,-0.00033200928627210647,-0.0019215962768650435,0.000550334201509419,-0.0006932201742326419,0.0001129903489816285,-2.0811261427614e-5,4.279397749090791e-6,0.0,0.0,8.572805369518004e-6,-1.5330978187493205e-5,6.379174640873582e-5,0.0,0.0,-0.041972227862064594,-0.01227642609438841,-0.03449514160768847,0.0,0.0,6.206748610522991e-5,-0.0026264461629419227,-0.0005106215202869831,0.26943347308368326,5.702913819267975,2.5373070522661925,-1.1495296731545321,2.5557471064434454,11.84966767208375,0.1939002054215482,0.9938734535134623,4.437245127049086,4.750775974058701,-1.6428272097451817,-1.7365020254356123,0.969223332317733,7.598507452544194,6.007190071524514,-3.9255094223520084,3.34597977033515,7.093307485311117,7.200252394309322,-0.4149511246852163,-2.328321850903891,1.7051779358871213,2.6523309001647606,3.63608616825681,4.488353369561773,-0.5706339103330254,1.6718700279403524,0.9364002601628099,1.1423288135015284,-1.3842428196530578,3.9956443481830357,7.231327646600036,3.6981272757529244,1.0679517226895339,0.6821556850605826,4.902449646762301,4.105274790346445,0.3754003333136735,3.3695286743477935,4.55589227339244,-2.251650048037428,1.692664276153206,2.579203760062557,2.839146890608645,5.38103558219113,-0.5753191790759226,2.5814186053133383,0.8133715352363413,0.8506278283832513,-1.3972586148116122,4.930188049609754,10.507751402705033,4.062637420518073,1.0027977539689472,1.7563595331970627,5.022684043379436,4.155399941609646,0.33650060354933,3.089402822487416,4.86876883567569
Block PF,block,32000,400,5,20,1,2019-01-24T09:06:14.458,6,1.5351257323667282,29.133978999,0,,167033.99289027735,167048.8238220764,0.08386427498049222,-14.91479607401541,0.8672961674529405,-1.132927184950515,-2.552694466002084,-3.8502400364999168,-0.9249482991807287,-7.946504924275519,1.7489834011761407,1.3033949120797947,-10.126287286150601,-0.651417775755398,4.051626182599141,7.5456937934859125,6.244209074121242,-8.341528372944648,-4.904222884673113,0.6267282838958588,-2.0001936629352257,-0.21915537094555582,1.8379621615548132,2.470334560595149,0.6508326011886658,0.002480222628829593,0.0024141470238078504,0.11746251829197624,0.001442162291456704,0.000150042121989494,8.079349410473479e-6,7.420471437846256e-5,5.4346495233082534e-5,1.3200081091671852e-5,7.528467108947767e-5,1.038228941361573e-5,6.753744594312139e-5,4.983981141142196e-5,0.00017153396885701076,0.00029150466759066465,0.03149965204841231,0.015967630677841703,0.017361399961079826,0.169606575939197,0.021303928509030016,-0.0005191519467345579,0.0071970068304245275,-0.011760524938608054,0.0,2.7765482185952956e-5,-2.0777228103810513e-5,6.0045368270425716e-5,-6.828164804215697e-7,0.0,5.4766951139324875e-6,-1.4014751510414904e-5,1.5864296364064433e-5,-5.5997344682497916e-5,0.0,-0.0023558100136301416,-0.020587680629791338,0.011343005290758684,-0.04986660120625432,0.013114873768481744,0.005582811581398668,-0.00046764069860019724,0.0,0.0,-9.699169104280958e-5,-1.8072921851495275e-5,-3.6128512078137737e-7,0.0,0.0,-1.1628600017717709e-5,-2.017842888556925e-6,-7.244811675314037e-5,0.0,0.0,0.0020451296995617914,-0.021106217846977453,-0.04737903856168279,2.335609780664275,-0.8363806691299004,-1.9725178079853172,2.4722391284203633,-0.7130905124455569,3.766870781755033,8.494030502112222,2.565709798811576,6.610231538209782,6.963462480454107,-0.3829890614860835,4.836378497376435,2.117195274231105,-2.597375812426653,1.4459276936099128,5.193667025430497,5.993554011931187,-1.5123603442299711,4.576911257114604,8.397419089414733,0.37618417175471935,5.8943150982015196,4.0421688933057105,3.0802476822513056,2.58234150849663,11.562753113551077,2.2881448323951994,0.7198257193466824,4.923729043206231,4.998457377675153,-1.6699817177840808,-3.380281576072238,0.98340060862726,7.882074967726179,3.2572558247785155,-3.5733144835536486,3.0579402965729416,6.963005948011915,7.5573378294171505,1.5351257323667282,0.40741445232939066,5.915182137707129,3.5221983030628587,3.3286179163436307,2.3262506107730987,11.602047836126722,4.941234901910111,0.7268815018298107,5.059276190329648,4.988723213487275,-1.777916219166732,-4.039380674171463,0.9936705281485785,7.8835486636497825,4.4444660748212,-3.5500790970451455,3.062149914251039,6.978105331465745,7.675267569359282,1.7442186875903234
Block PF,block,32000,400,5,20,1,2019-01-24T09:06:14.458,7,10.160916804289627,30.102538983,0,,9.981474394377894e51,9.981474394377894e51,0.005254343511924139,-76.20685820502294,7.86226692847414,0.7872790222250351,1.3461274637899021,4.451346218281069,6.29327619269657,-0.9473380046615669,-4.9116445092750265,1.6234727180160018,1.0565698410903313,-4.084064314031531,1.1462621937768822,-1.2158154769471032,2.790597497122234,10.94662086624347,2.835266330786464,-5.54133311738912,-6.74735655288434,2.217955963155735,-3.9159609472101797,-6.444032228893274,2.1236590567967023e-48,1.8415706229673784e-46,2.1231731818173076e-47,5.507514214794146e-50,3.1477333654911714e-48,0.002068990640768267,0.002208300934586014,0.00333479432141245,0.00125245013399401,8.723531706466772e-5,0.0064332864086440395,0.0011466577439601382,0.0001644167940263751,0.00027901387015291846,0.0005642630050775204,1.0072442386418315e-9,1.5154964529023111e-9,4.740126551532709e-11,5.050964064486237e-9,1.3472375900998864e-8,1.977134028744361e-47,-6.252495111843334e-47,1.0773264030157251e-48,4.1551455494672665e-49,0.0,0.0021121445012387877,0.002710117153932312,-0.0020248522304227535,-0.00028371385235115347,0.0,0.002498545562513374,0.00042354435805742196,-0.00018284057969801906,-0.00031877392013198293,0.0,1.2340280702439488e-9,-2.4234750917497426e-10,-4.0150936418906874e-10,7.974729907457162e-9,-6.71216794549234e-48,-3.175890988406972e-48,8.172725655373473e-48,0.0,0.0,0.0026001388478840994,-0.001653169565232346,0.00044227940897523227,0.0,0.0,0.0009711136787393077,-0.0004726244204772732,0.0002153192709302192,0.0,0.0,-1.9894338039582014e-10,2.7276188710720102e-9,-7.494261066592603e-10,-11.019923327350762,2.404081905749623,8.266805465893341,1.3903531794686916,2.159679902910928,0.9928366090364202,-0.213284937482497,1.1627192903176475,3.3542773106576558,6.638961467728473,-2.8158321304494707,1.704189641447551,1.8407793303520177,5.4909734506334065,5.105035261453743,-3.686046732515556,-0.4703074035460697,-0.8877756980822185,8.581852975478638,2.669400353684167,1.976415702733398,-0.6118592189424339,-2.0381155440204335,-3.0656658814371016,-0.9515966806760622,3.7657506855501532,6.125314825340482,2.360159753878956,6.390525237337196,6.795975811998891,-0.0872506413526073,1.7479439166789847,1.757491063448682,-2.88617922547707,1.678337728714235,5.758398220465268,6.532541540438581,-1.928017178253001,3.9811864397058248,10.160916804289627,1.699768807579182,-0.6238891276490626,-1.827962360979514,-2.6982039804708604,-1.07528056256628,3.752723951620252,9.104647142001141,2.439566979622955,6.451336947358431,6.753815795768967,-0.16970476944371699,1.6700252650021028,1.7302124434453243,-2.9070907159638724,1.9777342750152593,5.8005734032619864,6.627297382542931,-1.8972474103260257,4.203515455590935,11.641422372310451
Block PF,block,32000,400,5,20,1,2019-01-24T09:06:14.458,8,-0.1261639385341704,26.600272447,0,,549914.7824540971,549930.7465487873,0.12992221837042078,-16.094016908633684,17.35893901170163,1.0260900430959805,-2.547573940010781,-0.9980515251920337,-3.153445596204331,2.299108801883486,8.096382392265754,7.2537531766533725,-0.8428828263419459,-4.944563652756909,6.077125802307381,4.317957089338251,-3.1641242513656374,-0.9989968598886669,-0.9987366747410693,8.984770497853436,5.105801951783495,-1.3527223060457914,-10.954760282059004,3.501837371118207,0.00018021316086875894,0.00010486944287380852,7.386663774686499e-6,0.000456639224571249,0.0001273424312124844,1.2665999213229585e-5,0.0008458002750750286,0.00029774449844567657,0.002032871509630588,0.0001739683938569801,0.000852921610770876,0.02210075188256289,0.005425356243767415,0.007381002990477822,0.001465872425716684,0.0026360300443608493,0.005179462632236966,0.016140711007547038,0.00011651457902364136,0.012065313023401785,-0.00010326765236404352,-2.3414378541193247e-5,4.738398946836253e-5,0.00022902542270210313,0.0,-3.447305510006551e-5,-8.369747849799728e-5,0.0007467511020644582,-0.0005414162221372527,0.0,0.003906910662766091,0.010939085594435903,0.006243937993421437,-0.002018673159673844,0.0,0.0023551949871736975,0.008818722755098096,0.0011355327028955997,0.0010154301730154677,2.751195860850418e-5,-0.00020586440534989202,2.708170048891015e-5,0.0,0.0,5.228388433451743e-5,0.00014855753222279904,-0.00021270810395888822,0.0,0.0,0.0018988473670807087,0.012667682187104488,-0.0014502784066024144,0.0,0.0,0.005283930573673436,0.000516939451655699,0.01393107063201248,1.2660459488402642,-1.3381641937407018,0.28945418554561475,8.477283635385719,2.2915595609054282,-0.2747976343485795,5.335245352567273,1.96469041612848,-3.009752935269504,1.6524801039472792,8.867502444441042,7.448179453594081,0.5471792552937014,1.373036507956866,5.918826449534982,9.765713906418373,7.696510765298374,6.082472386438837,3.299535923953048,0.5352708099352873,-11.166786161811066,2.423532112162402,7.237387014576606,4.856773422667683,0.5736713929331276,1.2011445329692632,-1.3073156166908926,0.813931470041076,2.962762837472091,6.612345689045191,-0.8180167871851607,-2.07629207353153,1.8979474210996046,5.495452332215921,8.550363889463709,-4.769627367622046,-0.794420486922974,-0.6933726207711293,8.634121245526227,-0.1261639385341704,-11.573066608797527,2.461849043585809,7.71064183946543,3.2726865935729923,0.769268631871266,1.24632203041763,-2.3004064602945635,0.8806276527592865,3.2081444517785784,6.643622890585094,-1.5165741312805627,-1.4792411655801114,1.755649034805974,5.482444211418811,9.012039774291054,-5.162054303446216,-0.8217827350272253,-0.7355413800904053,9.093309465117295,2.123343909823382
Block PF,block,32000,400,5,20,1,2019-01-24T09:06:14.458,9,1.2153580643177215,25.809379781,0,,317356.0829396289,317371.7737898963,0.1214676386595785,-15.81231790597099,2.2454526414632876,-0.9683845614831501,1.5106302819362663,5.447771307402065,-6.743483202050491,1.4567614174144206,-1.9366458072952581,-0.3485272831789138,5.006789542436353,7.6191701822455045,-6.554204461350539,-5.408240441365141,3.773655992155648,3.8198404317683803,-8.151416476792864,-7.622855385823969,-0.006415493120627502,0.15655617709843028,-3.8142044858328696,3.8875355776321254,0.006678450454069598,0.007082856372154605,0.0065272562618967885,0.0010221717636120027,0.003639363625730529,0.0026423492513850525,4.393660605119383e-5,7.41990976508554e-5,0.0002640662354934518,7.284020192132463e-5,3.480826810742394e-6,0.00011068035985434164,4.4780989426659854e-5,0.0006967640400146892,6.177913403910651e-5,0.0008024057322731353,0.0006722520381685839,0.1332295196979047,0.026213332895559115,0.009720989462038334,-0.002509846148231259,0.003529535205321833,-0.0018899575808228133,0.0016443638663456695,0.0,0.00011676322695396295,1.3279740341857958e-5,0.00012477360767279206,0.00011009693879806371,0.0,-1.1387823614965614e-5,6.66591810841757e-5,9.005976850498049e-5,0.0001930223421500175,0.0,-0.00018766193230538103,-0.004900316762893718,0.05907347030695198,-0.014802998628036947,0.003972057315853387,-0.0024185122252183824,-0.004579004048279877,0.0,0.0,-0.00036638115494904284,6.604378942999494e-5,3.583168875615516e-5,0.0,0.0,-6.7641432230618384e-6,0.00020859827457496557,1.8026167268911656e-5,0.0,0.0,0.008897252049482855,-0.00219867015987399,-0.033559053688452384,10.779226229127064,0.44154904006317724,-2.747336544955005,-1.7124231792556999,0.6774038881782941,1.8442846785812383,7.973353450309286,3.913952079063999,0.37191778298100847,4.855286976945956,5.894554783354782,-2.0431037522288604,3.8263631000101697,3.2570874959545812,3.8813453543174092,-2.4175011413020258,-2.0086401323393117,2.1841774439595754,-0.5924509932413701,1.0918810197484234,0.4699185895451219,-1.4902754120032613,-0.8013152778635657,4.5787474631761205,3.1040925367533703,-0.1314800518573671,2.9448468672129335,1.1148759744269552,-3.5621399156594356,1.7907919621001496,8.380914593864132,6.388959599635058,0.7341625142747839,1.245928743898344,4.989235908072667,9.346977054726768,7.300350634138037,5.632503671119606,3.6332051905273115,1.2153580643177215,0.15827508351615838,-1.4808430012091995,-0.26786651452343796,6.723983565068719,3.080728268068773,-0.20539492643781665,4.8194219362573465,1.2959012821004707,-3.7807949187441854,1.7815913930579894,8.983618924509628,7.065630765201276,0.5770227528598657,1.2766633549112671,5.8327947411731,9.467974500598613,7.530303195118512,5.7211355311621634,3.993446961533,2.678573512896061
Block PF,block,32000,400,5,20,1,2019-01-24T09:06:14.458,10,1.256903075379034,26.843705489,0,,7.557374742235293e15,7.557374742235314e15,0.15824472261666395,-20.687383636576342,-8.299470758455058,0.5936465888516749,2.971471491467435,-1.2192697329861644,2.777863930872774,-0.9761977883711208,-11.919910921476633,1.821215474131673,5.071681786081728,-1.701807442070725,-1.209560228137259,6.628972263216183,3.590559047094211,0.47227840564304335,-2.034102835564446,8.103060900613373,4.772759887351104,-3.9555917702676413,3.529110935271012,5.346023866443151,0.00013871930666699346,0.0001249678817238228,0.0014950597734913358,0.0028648600147196334,0.10925636762477997,0.0021998093545978585,8.409740342289274e-5,0.00027165878971437753,0.00028929258186473545,0.0001906430498489806,0.17593441857896966,0.008299484757114766,0.03266035328948224,0.005788853143841724,0.008164347906904736,0.0002767695115243291,0.0038516567028268464,0.00016382864827090148,4.130769927191926e-5,0.001692491620451126,8.960801986093955e-5,0.0003992203248869014,0.0020654306974827587,0.017689196689471415,0.0,0.00031299983812626777,0.00011772875381541266,7.63446591390768e-5,-0.00014560657939581055,0.0,0.036840465236950594,-0.015908686843445423,-0.00014201449128097495,0.002669423523171446,0.0,0.0010324819337147297,0.0007943570755737776,8.226409465090342e-5,-0.0002644093062491587,0.0003607335125418243,0.0005445120253418257,0.012748138731060779,0.0,0.0,0.0007643592846636626,0.00012162382787118595,-0.00020047458757580696,0.0,0.0,-0.07434763773312457,5.131629079972874e-5,-0.014206680758936488,0.0,0.0,0.00021293564186140144,0.0003988754922129507,-0.0005265688088017395,10.779605283287617,0.4421685719086609,-2.7469396006705047,-1.7128131618133602,0.6781670032567997,1.8435940010398613,7.9738069244066265,3.915512304960091,0.3729186624404168,4.855543407817137,5.895841198362804,-2.0425948998391203,3.8252599330562824,3.2571978683818763,3.8810247755274743,-2.4173565409282594,-2.0084274803778834,2.185900963003681,-0.5923796750958316,1.091015487765855,11.498420181728585,0.605811178620705,-2.637091314130218,1.726642814678126,0.056063375080960376,2.3615505291804744,8.144653175740455,4.511456466444215,0.6828413085644294,5.400651769205863,5.569573923180886,-1.2106274281409888,4.638687464301191,3.21051916055295,4.25989899501759,-1.647154355646669,-0.06514007473558792,2.5994439848811064,-0.8168357017967758,1.256903075379034,11.655814151517287,0.5451563287247877,-2.441844026435119,2.4378985069767762,0.13397810852672265,2.3809668207717567,8.749709966346593,4.600483721617221,0.7039032238649786,5.424655832347057,5.269219382161409,-1.585578055405623,5.013249772041319,3.22441019156047,2.997865463403117,-1.7186856840735563,-0.09094311206172456,2.631439097255695,-0.6647116420110365,2.501133714437887
Block PF,block,32000,400,5,20,2,2019-01-24T09:06:14.458,1,2.9586795458099164,27.697886788,0,,40.48211025693149,2.702574727212938,37.496015023417,0.2835205063015553,-0.5240677617132699,0.09268106068652227,-0.5240887443673414,-1.521939178167177,-0.04153281004216325,-0.1917911861501982,-1.6356413423605125,-1.0770068823504877,-0.015026775333369713,-0.2554051404732651,-1.0668232638003836,-5.261659747159881,-1.6316268307144375,-0.039072045448956705,-4.587472261723388,-0.5863638330207008,0.08265723011001391,0.33269029612185186,-0.2957185861893148,-4.510573663581004,0.4692137645082381,0.2484679361030019,1.0952331235374513,11.796315100612777,2.38986590647284,0.1197253161688567,1.8243634565730835,1.4252902575993802,1.365409538831303,0.2712499931444081,0.3994983141374929,3.1408803462469095,0.6507209619099933,0.045959315348246564,10.210472346210475,0.9913095449901307,3.5622227788265657,0.43488411724340964,1.4190556611809495,1.430428450840988,-0.14962697440938266,0.023286394974205104,-0.2430062308534553,-1.7580832690435113,0.0,-0.1509212065326411,0.01177391739642371,-1.2841763424257469,-0.5638649048115791,0.0,-0.08281039394537094,-0.8489702903902799,0.05370911142232238,-0.10575115990348813,0.0,-1.0903570678955214,1.1303855499359112,-0.45747900229990696,-0.6513503999935413,0.45917090139591077,-0.39176784061325814,0.04655571102556405,0.0,0.0,0.2632953982358342,0.04736242304041394,0.5290549601428983,0.0,0.0,-0.15465767379699125,-0.10702412631419482,0.8202361398976047,0.0,0.0,-0.4669753278854263,-1.8900274906505004,0.5691550924484566,-6.123903957477955,0.07978159157269923,2.5693096798380863,9.524554685469944,4.233239353006511,2.865232694374587,4.856395592676935,0.286345656310784,0.5945852177940523,1.9439455758825173,0.5771129955773229,0.6287646342412035,6.559879940100336,5.043216772179855,-0.6651174003974771,5.36265438135062,1.464361755676988,2.4475412619097536,6.603584186876526,8.547783185992921,-1.6957361353854132,5.744808712747941,-0.8909959205651816,2.3509639724007023,7.613949829354752,4.032262204436568,2.988687054009471,-6.287517620196423,6.154256354804647,2.9095072779576467,-7.372820739839929,-1.9787943170825422,-0.6775922823957661,-0.49863797186694114,-1.4512891851847183,-2.844381687889827,-7.379866549113977,8.995325689910397,-4.742642691304432,2.9586795458099164,-2.0835655808008307,5.72225679987542,-1.878884356183535,-0.15971870653231912,7.571055365949724,3.9925848264809347,0.7614368557914586,-6.859018325004278,6.0804266089968335,2.858602350737224,-9.080911933155477,-6.413814013563674,-1.6417692026619628,-0.5836243515856114,-5.651862156377925,-3.2781569554054175,-7.995061211078534,9.0052789468095,-6.158491879227146,0.7180926772809906
Block PF,block,32000,400,5,20,2,2019-01-24T09:06:14.458,2,5.008493424356807,26.834485044,0,,47519.83513137959,47526.83216668632,3.932656977088282,-10.929692283811038,-0.8774714065882838,-0.003242010858845734,4.216910315542148,-6.559417453706161,-2.8908281916596175,0.3195634026257621,4.876883757468954,1.2780893319638849,-1.2016692151666732,-0.13932421411341855,0.7782936257841406,0.5948897708897536,-0.20018663516862123,-0.18995680819455796,-0.26664720210617776,-0.6288334773519271,-0.9045177237144039,0.41345932367098426,-1.0705672449292667,1.299223125290231,0.1549166025333076,0.004972732642740612,0.05124170102181878,0.48263181745469763,0.05183512827641594,2.2498797878056506e-6,2.9839213913656025e-5,6.558134707098552e-6,8.411095900861726e-6,2.168161865812877e-6,0.1418544499633256,0.15330312099601134,0.17281706351242843,0.051644989592893424,0.03507615130084794,0.004781081255254805,0.020422612317864308,0.18873415184069947,1.3422527587566018,1.6247907939219475,-0.0069883562768262965,0.015926460882014257,-0.10675256974494039,0.12518700986589174,0.0,-3.1776367910990737e-6,9.102975046901906e-6,1.6077035614324956e-6,-2.5050326475219816e-6,0.0,0.14152665838529224,-0.05987325514916261,0.055498219342204586,0.03390328197800927,0.0,-5.802027320179936e-5,0.045232960303336324,0.49828074201328737,-1.4550239213842544,-0.027415939831117692,-0.031075858487067325,-0.004782150818518837,0.0,0.0,-1.055275022987662e-6,8.85593896756241e-6,-5.318522556607102e-7,0.0,0.0,-0.08298308816321127,-0.06614837228933111,0.04066024679176416,0.0,0.0,-0.0006289653573992056,0.11738386954022391,-0.5500031282393568,-2.119995779115584,4.157441214556647,4.651135203756151,7.081097250098864,11.923772606664949,3.2403049432080357,4.649668906547842,7.755799864512667,-2.562130053437922,0.669842251299257,-0.42464130631651203,-0.1755922147010464,2.2761072074469766,4.036895976225608,5.0379909636580935,4.067590061942573,-3.5774884478233604,2.072716647409671,5.752467793230913,4.524660250302264,-5.372743391726894,0.2715409369452786,1.8832092731281218,6.923761690401555,5.263865539840518,2.686222874733217,5.46373168785012,-0.21458442078736106,0.5506703239410884,1.696333662365944,1.2506805992698329,2.1413060953871685,7.179478800917192,5.4406680954048685,0.04671705247241131,5.261554063024771,1.7382866907873025,2.0041361554734833,6.234156087934252,5.008493424356807,-6.008858103095403,0.25317458765468687,2.5550112520291783,9.342461523230268,5.074202783521222,2.6472304250837824,7.495235835932275,-0.16075905714656624,0.6076335910028638,1.6995012823303313,1.1544524857717646,2.148614157131418,7.296000768345093,5.459658584855444,0.422165608335056,5.293195482128818,1.6780862151199971,2.0105407477814943,7.047321088964091,8.097068129365963
Block PF,block,32000,400,5,20,2,2019-01-24T09:06:14.458,3,4.344832014045144,27.152043891,0,,4.776478985856324e45,4.776478985856324e45,0.05778337551047079,-63.232334960298736,-1.2669616501549255,-1.2364347769028772,-1.9872013160740383,0.34467851218657586,-0.6633366567720334,2.129914741704477,-3.0515857391662315,-0.19193677465387804,2.1828910815224143,-1.3655240306068126,1.272508181853751,1.1196920970953483,2.3740481477453295,0.6705273127817919,-2.477743912633658,0.22222134458065312,-1.0907196571224453,-0.7304946950739195,-0.049660923590707284,2.328471763247242,4.057177541367393e-5,6.681289051839634e-6,7.393538024900219e-6,8.366871553611791e-6,4.558258858053315e-6,3.2208672775118577e-41,3.805741867408929e-41,3.483595909069577e-41,2.0574573999512938e-44,3.0880577520934756e-42,0.040046578653962626,0.15652643029072125,0.036066483820944656,0.01676347622666788,0.0013194010969673332,0.07188185000214345,0.1180718540447299,0.0052494464215055514,0.01778729864750661,0.011174884968247591,2.260871124444475e-6,3.8009910611404294e-6,3.4726271590935645e-6,1.4709338543820468e-6,0.0,3.50109390002046e-41,-3.641052511054733e-41,8.462485767367116e-43,2.519271524891783e-43,0.0,-0.07904332276037206,0.07513130800118288,-0.024566705721904926,-0.0046584317540749485,0.0,0.09202634456912849,0.024876839000489794,0.009647102086658617,-0.014097762736580512,-9.294863047254545e-6,-4.405160651174455e-7,5.752629302881576e-7,0.0,0.0,-3.3496463646477656e-41,-8.844899362964164e-43,1.0370317053536843e-41,0.0,0.0,-0.037956609945563005,-0.051195793539675155,0.006861493454981625,0.0,0.0,0.019420886878169022,0.04581480066757596,-0.007644454656440108,2.1701656232921076,7.317255907944945,-1.465990201576648,-7.47317778690519,3.04451639775375,7.262987287282537,7.927962744314177,4.221322428997432,-4.473066229384659,4.365775119101736,9.132399133025364,0.8432051859396296,0.6651267478153245,-0.1484255240352867,0.7003691411442828,2.801741970588491,8.242728415691722,-0.3779796660758361,-3.5713944694632014,0.2261523388132235,-1.4149970985423745,4.097428563973258,3.753027882352326,3.2491371867351613,10.408158087496268,3.4633366647659862,7.807706399918713,6.705905040939454,-2.838964497487881,0.8639490690311034,0.702547680067403,-1.6949640849895031,1.6061713475441346,3.6690943924910067,6.506701666040339,3.579079872657178,-3.4599624294465503,2.407337318209243,5.3560892037734895,4.344832014045144,-1.5379483185150482,4.097202825781544,3.5306065384018805,6.414938017037106,11.417309785443209,3.495978851590506,5.838943425143516,6.93259426867404,-2.893065065263028,0.812641118720324,0.6196249672174279,-2.6884521342353467,1.512211958067351,3.6605295087847525,6.875275257766592,3.580917096231679,-3.4665270572705955,2.4272969993458124,5.438239455029763,2.093715087627701
Block PF,block,32000,400,5,20,2,2019-01-24T09:06:14.458,4,-2.2223994470288,27.486683434,0,,320251.4847382882,320267.4404003817,1.5673316772119252,-17.522993770707266,1.6089883275949655,-7.653529932696071,-5.664386550759436,6.32147174204361,4.5969700154632624,-0.5780545508344774,4.258156382365872,-1.9526217752500863,0.22710425934961087,0.6758815370027804,-5.057512656720892,-4.542318304583494,1.036035045460106,4.321257005836518,5.014602537655604,3.2239715750649216,-4.945320637133545,-1.8589727654193506,3.0418859341171367,2.6443692372588488,0.0018907034773379444,0.00045883917769360343,0.6477364399637718,0.37800887612335454,0.7216995550882819,0.002378700720419061,0.000904130182175242,0.0006913346843853726,0.0003441220911949414,0.0001655214108138786,0.00012772199033769146,0.00011464596952407968,7.954672742034586e-5,0.0001670479955027226,0.00012796105053564655,1.648755607366981e-5,2.519291896753541e-6,5.2190715977648774e-6,2.6250388985938558e-6,6.123624470506146e-6,0.0007208542680866409,-0.014156417066924448,0.49477905623747026,-0.5220708496753839,0.0,-0.001425924540516127,0.0003199583083754279,-0.00014864593298531426,0.0001676575751237753,0.0,0.00011345118456041725,8.633115507374484e-5,-0.00011017240441611193,0.00013456734956317573,0.0,-2.3077444086143938e-6,1.452356971472706e-7,2.233282526493377e-6,2.8972036139620506e-6,-0.03487213574081892,-0.010801441737955383,-0.6834594047694921,0.0,0.0,-0.0006450238918122183,0.00019790051539256208,3.273017325933311e-5,0.0,0.0,8.691407135729148e-5,-0.00012566096690029658,-9.631833356199021e-5,0.0,0.0,2.7119416005767684e-6,-4.819133536318111e-7,3.67040896996026e-6,-1.5913680425277767,1.8088005475551623,2.5384471937924027,4.81675729708314,7.894744258009441,-0.45707850304291064,1.395545200725734,0.7115360192680387,-0.17815919704002883,-1.2156459512913278,3.7713587730335205,9.52896543814682,4.288275326666959,1.3795979604121218,-0.8428295387329497,5.332585240943307,4.353339718162882,0.8088448361719264,3.0973016052563,6.015581396708292,2.710956582313452,7.178285423561454,0.06944376176551348,-4.081470456695923,2.687503808972669,6.943328542907355,4.887670505028412,3.6314976393218634,-3.341244791720383,3.9464287952535813,7.350759910453625,2.1591991195723845,0.48032942707742077,0.46759990183353706,0.3062109352304508,3.2340027863751786,8.25986112322641,-0.6316532410756145,-3.2790990767515034,-2.2223994470288,2.7346251435304545,7.15740071393317,-0.5331326565116334,-6.197884371474048,2.2027738682044573,7.046249379819228,7.7702475079496605,3.889715538276678,-3.7903806857500113,3.922551561923294,8.8155967794328,2.748255742332221,0.35228923627134356,0.4459065408324926,0.3202705934638645,3.286180986971492,8.281136314008323,-0.6355992674100275,-3.1876859902816683,-3.6430543627140466
Block PF,block,32000,400,5,20,2,2019-01-24T09:06:14.458,5,4.55589227339244,27.043615993,0,,34440.61238368144,34453.742602443635,0.13574151304001789,-13.265960275237688,3.922810104311469,0.4402572868186512,0.10348781168559018,-3.5503720023146683,-4.289751767398001,3.483955993385605,1.340510060113088,2.714097973232272,-0.1293868955662243,2.8847223930071175,1.9026721044446582,0.07333843296221065,-5.54564863411186,-0.6333179760806696,-0.9881501300949648,-2.9482129272373956,6.2446848688358605,-1.2632940727777497,-4.390949166340499,-2.7018289459299614,0.004116791423836952,0.0018419997169135105,0.003073378820886977,0.004257776311873076,0.00030967452240057144,0.0006586059959038636,0.0002584873408884588,0.00017872955009366425,0.0018588862004707662,0.0008084593776336309,0.024186154496272733,0.04059622138751858,0.02311142206778049,0.013438590606315555,0.0012771212290509529,0.024825210664919398,0.00028781066339289156,0.02458001181683076,0.017899731845360277,0.002081420265650746,0.0025888878318929298,-0.0023533099709390952,0.003500120507667286,-0.0010734649513624087,0.0,0.00015753844787966202,0.00017625311781577156,9.61368655961031e-5,0.0011332423435735175,0.0,-0.029095187010669758,0.01543799859677508,-0.013979199003486941,-0.0011316451816613718,0.0,-0.0008002554943779241,0.0011859684719040388,-0.019506736611256403,-0.0035622311021078854,-0.003446293184460728,-0.0026230875463521515,-0.0008540205867528464,0.0,0.0,0.00022712798809953262,-0.00021599160674869711,0.00019551454019569976,0.0,0.0,-0.0038694130362308976,-0.02137644132458512,0.0042331248068572195,0.0,0.0,-0.024239382983210597,-0.0002568898440514882,0.005999446979459875,0.26943347308368326,5.702913819267975,2.5373070522661925,-1.1495296731545321,2.5557471064434454,11.84966767208375,0.1939002054215482,0.9938734535134623,4.437245127049086,4.750775974058701,-1.6428272097451817,-1.7365020254356123,0.969223332317733,7.598507452544194,6.007190071524514,-3.9255094223520084,3.34597977033515,7.093307485311117,7.200252394309322,-0.4149511246852163,-2.328321850903891,1.7051779358871213,2.6523309001647606,3.63608616825681,4.488353369561773,-0.5706339103330254,1.6718700279403524,0.9364002601628099,1.1423288135015284,-1.3842428196530578,3.9956443481830357,7.231327646600036,3.6981272757529244,1.0679517226895339,0.6821556850605826,4.902449646762301,4.105274790346445,0.3754003333136735,3.3695286743477935,4.55589227339244,-2.251650048037428,1.692664276153206,2.579203760062557,2.839146890608645,5.38103558219113,-0.5753191790759226,2.5814186053133383,0.8133715352363413,0.8506278283832513,-1.3972586148116122,4.930188049609754,10.507751402705033,4.062637420518073,1.0027977539689472,1.7563595331970627,5.022684043379436,4.155399941609646,0.33650060354933,3.089402822487416,4.86876883567569
Block PF,block,32000,400,5,20,2,2019-01-24T09:06:14.458,6,1.5351257323667282,29.106676433,0,,8562.6302670961,8572.993904175983,1.1246286392742961,-11.48826571915885,-2.17372782936097,-4.073173616125951,4.530176500815076,-3.798974916077122,-7.91712962911037,-8.274836151282997,-0.2633845802142232,1.1488531109304998,0.36434219744140783,-4.1671718507579785,-0.6127931332195515,5.573485392101477,6.390408452333778,-5.374465644503843,-5.328608748840178,1.2277257262073467,-2.6231511870069006,2.366817918416851,-1.2167248131254915,-3.1088677552461306,0.014072592342200119,0.0011643356639113023,0.06236631338651096,0.051601899473304506,0.06322211611148174,0.00012070389654616371,0.0005950088334797753,6.631965442721752e-5,7.317088438032126e-6,0.00010031225203993457,0.00045642492863448743,0.02041712956095873,0.008420791913272269,0.0005893181444213348,0.003382082565502279,0.0031275949182451414,0.07798782436934755,0.012424325413669803,0.024964278986418332,0.17492958436367956,0.0023140495023710275,-0.004194671105078817,-0.029881709186690017,-0.03935612803160014,0.0,8.16622757687973e-5,7.241058249141962e-5,-7.805611424346395e-6,1.0874903800401308e-5,0.0,-0.00024977517506712246,-0.007791847736039302,-0.00032841720601486235,2.706476315818259e-5,0.0,-0.012203450167291185,0.029076803710270552,-0.014778457566795753,-0.0537857248160653,-0.02036068655185208,-0.0011523149346891008,0.061352334165335004,0.0,0.0,4.9165370238225875e-5,-4.708512211852437e-5,-6.218212841490666e-5,0.0,0.0,-0.0007194912598677778,-0.0003389022730203856,0.0017463179993972937,0.0,0.0,-0.0037803057052776226,-0.03823355558016128,0.04009714437756382,2.335609780664275,-0.8363806691299004,-1.9725178079853172,2.4722391284203633,-0.7130905124455569,3.766870781755033,8.494030502112222,2.565709798811576,6.610231538209782,6.963462480454107,-0.3829890614860835,4.836378497376435,2.117195274231105,-2.597375812426653,1.4459276936099128,5.193667025430497,5.993554011931187,-1.5123603442299711,4.576911257114604,8.397419089414733,0.37618417175471935,5.8943150982015196,4.0421688933057105,3.0802476822513056,2.58234150849663,11.562753113551077,2.2881448323951994,0.7198257193466824,4.923729043206231,4.998457377675153,-1.6699817177840808,-3.380281576072238,0.98340060862726,7.882074967726179,3.2572558247785155,-3.5733144835536486,3.0579402965729416,6.963005948011915,7.5573378294171505,1.5351257323667282,0.40741445232939066,5.915182137707129,3.5221983030628587,3.3286179163436307,2.3262506107730987,11.602047836126722,4.941234901910111,0.7268815018298107,5.059276190329648,4.988723213487275,-1.777916219166732,-4.039380674171463,0.9936705281485785,7.8835486636497825,4.4444660748212,-3.5500790970451455,3.062149914251039,6.978105331465745,7.675267569359282,1.7442186875903234
Block PF,block,32000,400,5,20,2,2019-01-24T09:06:14.458,7,10.160916804289627,29.130976057,0,,186096.12281261713,186106.37182979943,0.6773017187975152,-10.926318901043704,-0.4909796349098674,-2.324080977232369,6.0162250167774625,4.698579447061075,0.5108993926969654,1.2924980013966145,-5.515194677881191,3.300075024785939,1.730857767743827,-3.048498094989415,5.307383361528138,-4.203677576884164,-3.094811736758877,3.0925505604565613,3.5706415190267142,1.5869730922995622,-9.688575414449987,5.113105128942413,-0.6070065791712724,-4.056518347697324,0.36928426583606233,0.008300245452097156,0.07901593482574237,0.030097839776710916,0.10967552822469584,0.005911670861766028,0.0008007100272980808,0.0002545685476691382,0.001554916293660233,0.0010386275439408814,0.023715163381207997,0.06987022298906945,0.020439941927068807,0.0010241262333046596,0.012359247741337643,0.0037273931483599457,0.010851729126736865,0.002382228682339827,0.0005710375087221081,0.01289093257208892,0.04948972156376604,0.02399167029667266,0.015210195907775403,0.04985111235692196,0.0,0.0021724772135700322,-0.0004312758238083833,0.0006093321459377591,-0.0012581616789798505,0.0,-0.03164050489320402,-0.03473295335550445,-0.0012043142716071005,0.0022305851096977845,0.0,-0.005863088294170723,0.004632940796061709,-0.00033492675775661487,0.0013888390979772062,0.16664794520765067,0.006122199011416738,0.02598688926546742,0.0,0.0,-0.0011837883483841113,-0.0011133182986917845,-0.000495781982526754,0.0,0.0,0.011724201880210892,0.005137785380538647,-0.002803364467591802,0.0,0.0,-0.0028432916304789377,-0.0006600328274192064,-0.005059915731754531,-11.019923327350762,2.404081905749623,8.266805465893341,1.3903531794686916,2.159679902910928,0.9928366090364202,-0.213284937482497,1.1627192903176475,3.3542773106576558,6.638961467728473,-2.8158321304494707,1.704189641447551,1.8407793303520177,5.4909734506334065,5.105035261453743,-3.686046732515556,-0.4703074035460697,-0.8877756980822185,8.581852975478638,2.669400353684167,1.976415702733398,-0.6118592189424339,-2.0381155440204335,-3.0656658814371016,-0.9515966806760622,3.7657506855501532,6.125314825340482,2.360159753878956,6.390525237337196,6.795975811998891,-0.0872506413526073,1.7479439166789847,1.757491063448682,-2.88617922547707,1.678337728714235,5.758398220465268,6.532541540438581,-1.928017178253001,3.9811864397058248,10.160916804289627,1.699768807579182,-0.6238891276490626,-1.827962360979514,-2.6982039804708604,-1.07528056256628,3.752723951620252,9.104647142001141,2.439566979622955,6.451336947358431,6.753815795768967,-0.16970476944371699,1.6700252650021028,1.7302124434453243,-2.9070907159638724,1.9777342750152593,5.8005734032619864,6.627297382542931,-1.8972474103260257,4.203515455590935,11.641422372310451
Block PF,block,32000,400,5,20,2,2019-01-24T09:06:14.458,8,-0.1261639385341704,29.112212214,0,,2.380404830513908e7,2.3804069296953004e7,0.01879222761830396,-21.010606153548075,10.894396647275357,1.3295059495055828,-2.3371077305092083,-11.304282959843633,0.24918083913528433,0.5500363282792702,3.8790354446368487,0.9636470217030517,0.21394862392736558,1.735341849338531,3.639440977043371,1.9232003324044584,1.0514826541845992,-1.4312108836341277,-8.722104288523948,5.726789770019425,3.043933651122001,7.901894025316787,-5.227475101676939,-4.119111637013022,1.9899287414138135e-6,1.581861455734431e-5,4.206293749916356e-6,2.459755679489025e-5,0.00017386827747938453,0.0026705790341497162,2.1061480182316154e-5,0.002101644283653535,0.0036848840330066038,0.0009242112287172991,0.0004253171771236296,0.0017090547579238743,0.003015513148715963,0.0023106654519584767,0.001988441372418837,2.6659301553827327e-6,8.193040781163937e-6,2.4847371335317275e-6,3.787944837451933e-5,1.8595444326567628e-6,-5.477485362452281e-6,-7.072705270416428e-6,8.669342224771275e-6,-5.731343527182979e-5,0.0,-9.951535069728702e-5,0.0001826534797080867,0.002758042516475553,0.0018127472661284873,0.0,0.000821676822567278,0.002265839525176955,0.002430315435187711,-0.001662919922409209,0.0,4.0357483857730275e-6,4.244306337558547e-6,5.459381697575718e-6,6.181313026290871e-6,2.1879023294545117e-6,-1.937273351860989e-5,-1.3839298508033776e-5,0.0,0.0,-0.0011010745545616879,0.00024034093410232028,0.0013252772115440233,0.0,0.0,0.0011076002647780279,0.0018735990305476932,-0.0023520490754361414,0.0,0.0,1.6700344514817564e-6,4.455170421278697e-6,1.6369845327929418e-6,1.2660459488402642,-1.3381641937407018,0.28945418554561475,8.477283635385719,2.2915595609054282,-0.2747976343485795,5.335245352567273,1.96469041612848,-3.009752935269504,1.6524801039472792,8.867502444441042,7.448179453594081,0.5471792552937014,1.373036507956866,5.918826449534982,9.765713906418373,7.696510765298374,6.082472386438837,3.299535923953048,0.5352708099352873,-11.166786161811066,2.423532112162402,7.237387014576606,4.856773422667683,0.5736713929331276,1.2011445329692632,-1.3073156166908926,0.813931470041076,2.962762837472091,6.612345689045191,-0.8180167871851607,-2.07629207353153,1.8979474210996046,5.495452332215921,8.550363889463709,-4.769627367622046,-0.794420486922974,-0.6933726207711293,8.634121245526227,-0.1261639385341704,-11.573066608797527,2.461849043585809,7.71064183946543,3.2726865935729923,0.769268631871266,1.24632203041763,-2.3004064602945635,0.8806276527592865,3.2081444517785784,6.643622890585094,-1.5165741312805627,-1.4792411655801114,1.755649034805974,5.482444211418811,9.012039774291054,-5.162054303446216,-0.8217827350272253,-0.7355413800904053,9.093309465117295,2.123343909823382
Block PF,block,32000,400,5,20,2,2019-01-24T09:06:14.458,9,1.2153580643177215,29.85703867,0,,1.9674749010435156e12,1.967474901065207e12,0.5272033194795257,-22.218395180195063,-0.8126347340158395,0.09891987469631913,0.8515599238541971,-1.571531288449124,2.7828531856971566,7.928406819388744,1.7009154956796824,-4.442326629939094,7.3162413170553595,2.5191544796111573,-2.68498450436232,-1.824562483275538,-1.2129723307015117,-2.9657224750115656,-4.402549029130056,-3.7147319293409735,-7.769367174793515,-7.31836651348446,-4.366025590723867,5.443698484943948,0.05081558968233366,0.10330462013519455,0.0003552862358685528,0.0007558078415460721,0.004023166915785659,4.9710239311858724e-5,0.0013110945034885025,0.00013698962742544405,0.00037243884051041095,8.35132916668185e-5,0.2261582751881061,0.01208805022263049,1.6333636064447252,0.022660851886613213,2.6418549920261574e-8,6.844519196971653e-7,5.7314328887375876e-6,5.586370238021569e-6,2.23553825700138e-5,1.5564705460831372e-5,-0.07238102192949918,-0.005918761948395121,0.00047993888608419973,0.0001290612701688753,0.0,-0.00013015444769932062,-0.0003548349326768833,0.0002217895222295698,0.0001713145382761108,0.0,-0.05228318884212802,0.1405091902439963,0.19238462822603922,-1.3018476110581568e-5,0.0,1.978275627199995e-6,-5.654582452413677e-6,1.1164255029566797e-5,-1.8648067856881164e-5,0.004160855634803459,-0.00866054598342261,0.0005179990929082336,0.0,0.0,1.4677347264781408e-5,-0.0006273665638887653,9.991688381306967e-5,0.0,0.0,-0.6077806686125115,0.01655048773032202,-0.0001110033525190851,0.0,0.0,-1.9482335410278062e-6,-1.1319071797152162e-5,-9.322835356053873e-6,10.779226229127064,0.44154904006317724,-2.747336544955005,-1.7124231792556999,0.6774038881782941,1.8442846785812383,7.973353450309286,3.913952079063999,0.37191778298100847,4.855286976945956,5.894554783354782,-2.0431037522288604,3.8263631000101697,3.2570874959545812,3.8813453543174092,-2.4175011413020258,-2.0086401323393117,2.1841774439595754,-0.5924509932413701,1.0918810197484234,0.4699185895451219,-1.4902754120032613,-0.8013152778635657,4.5787474631761205,3.1040925367533703,-0.1314800518573671,2.9448468672129335,1.1148759744269552,-3.5621399156594356,1.7907919621001496,8.380914593864132,6.388959599635058,0.7341625142747839,1.245928743898344,4.989235908072667,9.346977054726768,7.300350634138037,5.632503671119606,3.6332051905273115,1.2153580643177215,0.15827508351615838,-1.4808430012091995,-0.26786651452343796,6.723983565068719,3.080728268068773,-0.20539492643781665,4.8194219362573465,1.2959012821004707,-3.7807949187441854,1.7815913930579894,8.983618924509628,7.065630765201276,0.5770227528598657,1.2766633549112671,5.8327947411731,9.467974500598613,7.530303195118512,5.7211355311621634,3.993446961533,2.678573512896061
Block PF,block,32000,400,5,20,2,2019-01-24T09:06:14.458,10,1.256903075379034,43.655453849,0,,2.7340934688931885e12,2.7340934689147905e12,1.4258228106421669,-23.027553467218166,-10.11855344251963,2.251058766031603,7.701499424190576,-5.059803953773496,3.1212117345124386,-1.4280960619257053,-4.558052530987354,1.3026964349226526,-6.028473502669794,-7.453216199506123,-5.461531220679936,4.718238048433531,3.0436066486537765,-1.995414947991844,-9.163116307396198,3.1724459890098986,2.8997740926266733,2.7406271513535048,4.455804398954988,-4.999942627563453,0.039445013401163374,0.062141884256928,0.03969494049135766,0.04197401953425657,0.2781436645383997,2.8540939321858783e-6,1.7593420632161273e-6,9.961431418922049e-6,3.2920845270812176e-5,2.9625539807695463e-5,9.903936009253702e-13,6.775357149021656e-9,4.774626969889218e-9,3.5255972999947915e-9,9.272468188674405e-10,0.04356184235079509,0.0312699606360667,0.0035644726406001653,0.0006668751879695792,0.004469561271353791,0.04802100077398651,-0.047378453378934156,-0.020113032712920885,0.10453697705549007,0.0,-1.0100564078449656e-6,-2.695229000769927e-6,1.7623817140459393e-5,-2.5950067841134214e-5,0.0,7.6182100681177e-11,-5.687331269487089e-9,-4.102805683443714e-9,-1.807826873562541e-9,0.0,0.03637131844302756,-0.010013073179039276,-0.0013082125080229122,0.0009384637450354739,-0.033816368611417014,0.01307866558414344,-0.07155331295765889,0.0,0.0,1.545009996858828e-6,-4.107931013576229e-6,-1.5151791348899132e-5,0.0,0.0,-6.375053983529078e-11,4.886931899097898e-9,2.1037926495578867e-9,0.0,0.0,-0.011890541535497526,0.003021153097650267,-0.001209093694825195,10.779605283287617,0.4421685719086609,-2.7469396006705047,-1.7128131618133602,0.6781670032567997,1.8435940010398613,7.9738069244066265,3.915512304960091,0.3729186624404168,4.855543407817137,5.895841198362804,-2.0425948998391203,3.8252599330562824,3.2571978683818763,3.8810247755274743,-2.4173565409282594,-2.0084274803778834,2.185900963003681,-0.5923796750958316,1.091015487765855,11.498420181728585,0.605811178620705,-2.637091314130218,1.726642814678126,0.056063375080960376,2.3615505291804744,8.144653175740455,4.511456466444215,0.6828413085644294,5.400651769205863,5.569573923180886,-1.2106274281409888,4.638687464301191,3.21051916055295,4.25989899501759,-1.647154355646669,-0.06514007473558792,2.5994439848811064,-0.8168357017967758,1.256903075379034,11.655814151517287,0.5451563287247877,-2.441844026435119,2.4378985069767762,0.13397810852672265,2.3809668207717567,8.749709966346593,4.600483721617221,0.7039032238649786,5.424655832347057,5.269219382161409,-1.585578055405623,5.013249772041319,3.22441019156047,2.997865463403117,-1.7186856840735563,-0.09094311206172456,2.631439097255695,-0.6647116420110365,2.501133714437887
Block PF,block,32000,400,5,20,3,2019-01-24T09:06:14.458,1,2.9586795458099164,37.595511615,0,,17.587382012971492,13.017855788240585,6.435037528006734,-1.8655113032758266,-0.9195408181233478,0.020132692182434297,-1.9507137937810408,-1.5547425779701585,-0.0319249107311137,0.3257376177313853,-2.381722413226182,-1.387384077506736,-0.268217466121893,-0.0893926020558351,-1.7903895235564917,-2.323857945495609,-0.714681254376323,-0.0342325733311849,-3.011638849103514,0.03883050403084365,-0.7806693164292984,-0.27992917524996486,-0.988948029043466,-5.164114882186898,0.5235128410647178,0.12676993022347932,0.43074430573453987,4.026248575070578,0.9711613131608526,0.01452468171196884,1.4740651334250205,0.2224702484049865,0.13854508762245338,0.028112830149077398,0.6916472567383156,2.942568576018984,0.3248205635858176,0.06035568444771343,1.4772574170638029,0.2932417326261498,0.27245544426200974,0.08425041512649456,0.7144370396394998,0.28282264908936366,-0.07142444030887861,-0.019664177543255362,-0.5412776046711186,0.36954191071686326,0.0,-0.033336625022339916,0.44322931367685064,-0.07385614932199581,0.041048834139094395,0.0,0.18505929798378892,0.20796706772921164,-0.040104928889200635,0.04727339267397891,0.0,-0.20017642982929623,0.14232904502332988,0.21804750487950822,0.345258639800648,-0.05338539081181097,0.29578290324087236,-0.04509232593360089,0.0,0.0,0.017258854016034414,-0.20007053506325445,0.01748710547002579,0.0,0.0,0.059150345791517116,-0.24109470935099442,-0.30257515680636854,0.0,0.0,-0.1334441936677064,0.4094150306681166,0.09649974409696041,-6.123903957477955,0.07978159157269923,2.5693096798380863,9.524554685469944,4.233239353006511,2.865232694374587,4.856395592676935,0.286345656310784,0.5945852177940523,1.9439455758825173,0.5771129955773229,0.6287646342412035,6.559879940100336,5.043216772179855,-0.6651174003974771,5.36265438135062,1.464361755676988,2.4475412619097536,6.603584186876526,8.547783185992921,-1.6957361353854132,5.744808712747941,-0.8909959205651816,2.3509639724007023,7.613949829354752,4.032262204436568,2.988687054009471,-6.287517620196423,6.154256354804647,2.9095072779576467,-7.372820739839929,-1.9787943170825422,-0.6775922823957661,-0.49863797186694114,-1.4512891851847183,-2.844381687889827,-7.379866549113977,8.995325689910397,-4.742642691304432,2.9586795458099164,-2.0835655808008307,5.72225679987542,-1.878884356183535,-0.15971870653231912,7.571055365949724,3.9925848264809347,0.7614368557914586,-6.859018325004278,6.0804266089968335,2.858602350737224,-9.080911933155477,-6.413814013563674,-1.6417692026619628,-0.5836243515856114,-5.651862156377925,-3.2781569554054175,-7.995061211078534,9.0052789468095,-6.158491879227146,0.7180926772809906
Block PF,block,32000,400,5,20,3,2019-01-24T09:06:14.458,2,5.008493424356807,29.570015456,0,,1.1870168239025089e8,1.187017005551337e8,0.3748925141160501,-18.53977532385311,0.9726236244105007,-0.11180438843275137,0.5765162229127223,2.28630190557198,-1.9835581000687674,1.5428615796454364,1.003848751111864,-1.1831074140534121,0.47309014202042743,-0.8507727463905865,1.609637324908201,2.361088234945676,0.5869094291548134,-0.17259315987071222,-0.01923323264226176,-1.3891223960591095,-0.8443439437459124,-0.1437923546088853,-2.4926388749352255,3.079207684757389,0.0008509766718038578,0.00032517036793409937,0.02607376271629257,0.05053128128353096,0.009203173201690569,0.0013249521776316762,0.10072770896216034,3.312979947527661,8.233127435835944e-6,0.14556926900206346,0.0016517249643802885,0.001070785675598322,0.0022582169044453437,9.133584444493944e-5,0.03484170947716775,0.00010360407537073939,0.00042170589168544545,0.0001046055242841884,0.002686493049909471,0.004553910015479486,-0.0005249787417714159,0.002906550555323332,0.03629684206474319,-0.021563610488438228,0.0,0.011539990222210264,0.577672292042851,-0.005034026433742026,0.0010553390956297886,0.0,-9.43411409196842e-5,0.0015359838490136702,-0.0001653106417602376,0.0009958556932669433,0.0,-0.00020901141946600573,0.00021002998664440103,-0.0005301086926694676,-0.0034976956070493707,-0.0047073125894763835,0.0040460135096351095,-0.015489757187181229,0.0,0.0,0.06618029522139178,-0.0008778699428234946,-0.6944525756679655,0.0,0.0,-0.00021960221965515033,-0.00011707898935338945,0.004811340357335039,0.0,0.0,-0.00010409836799081141,-0.0010643758147311907,0.0006901799034180675,-2.119995779115584,4.157441214556647,4.651135203756151,7.081097250098864,11.923772606664949,3.2403049432080357,4.649668906547842,7.755799864512667,-2.562130053437922,0.669842251299257,-0.42464130631651203,-0.1755922147010464,2.2761072074469766,4.036895976225608,5.0379909636580935,4.067590061942573,-3.5774884478233604,2.072716647409671,5.752467793230913,4.524660250302264,-5.372743391726894,0.2715409369452786,1.8832092731281218,6.923761690401555,5.263865539840518,2.686222874733217,5.46373168785012,-0.21458442078736106,0.5506703239410884,1.696333662365944,1.2506805992698329,2.1413060953871685,7.179478800917192,5.4406680954048685,0.04671705247241131,5.261554063024771,1.7382866907873025,2.0041361554734833,6.234156087934252,5.008493424356807,-6.008858103095403,0.25317458765468687,2.5550112520291783,9.342461523230268,5.074202783521222,2.6472304250837824,7.495235835932275,-0.16075905714656624,0.6076335910028638,1.6995012823303313,1.1544524857717646,2.148614157131418,7.296000768345093,5.459658584855444,0.422165608335056,5.293195482128818,1.6780862151199971,2.0105407477814943,7.047321088964091,8.097068129365963
Block PF,block,32000,400,5,20,3,2019-01-24T09:06:14.458,3,4.344832014045144,33.251217227,0,,594910.2672101677,594927.0854958817,0.7113040162284485,-17.529589730245796,1.7228410205348001,-0.8315080860072546,3.6509179436302097,-0.9844010256249791,-5.195147943639106,-0.36561435981731094,-3.5944621854352388,3.260369921317549,2.9349386637428503,2.2968051747588674,0.14797101627750087,4.376852781083,1.7455484932021852,-0.10179681345233327,-1.3090086111981103,2.7180522964925626,-0.8394722501486633,-1.6478418684441953,-1.1073230332605215,1.4809450454585429,2.5623711932966646e-6,1.5469566115176892e-6,1.4405590397642959e-5,2.1457868719139503e-5,3.118389326791169e-6,0.0001828469710320494,0.0001936015865398177,0.00020873139502767987,6.212936935182639e-5,0.00036008879134554443,0.7303545827723661,0.0012264086105405862,0.003804217955198556,0.07835118201504848,0.06750024322375126,0.8359130868838582,0.001740349470600475,0.09767934066203056,0.04497178261597963,0.010375788604704667,7.419792397740165e-7,2.480071735126835e-6,1.660160776383029e-5,-5.1683648362557754e-6,0.0,0.00018656537780956957,-0.00019963135072016734,0.00010525991689179936,-0.0001374556163815132,0.0,-0.02862334424061238,-0.0018805434232698046,0.017032685532136518,-0.07258921272398694,0.0,-0.037786556100426284,-0.01294667399164801,0.06627427451337911,-0.02159773935689409,4.411013897261172e-6,3.173380920906504e-6,-3.892063277110273e-6,0.0,0.0,-0.00019284793952227197,-9.900239711099023e-5,-0.00027327960511292507,0.0,0.0,0.05142494835300803,-0.009196596558496035,-0.015631711810663553,0.0,0.0,0.28569390610955836,-0.00877534294394819,-0.03183065574337355,2.1701656232921076,7.317255907944945,-1.465990201576648,-7.47317778690519,3.04451639775375,7.262987287282537,7.927962744314177,4.221322428997432,-4.473066229384659,4.365775119101736,9.132399133025364,0.8432051859396296,0.6651267478153245,-0.1484255240352867,0.7003691411442828,2.801741970588491,8.242728415691722,-0.3779796660758361,-3.5713944694632014,0.2261523388132235,-1.4149970985423745,4.097428563973258,3.753027882352326,3.2491371867351613,10.408158087496268,3.4633366647659862,7.807706399918713,6.705905040939454,-2.838964497487881,0.8639490690311034,0.702547680067403,-1.6949640849895031,1.6061713475441346,3.6690943924910067,6.506701666040339,3.579079872657178,-3.4599624294465503,2.407337318209243,5.3560892037734895,4.344832014045144,-1.5379483185150482,4.097202825781544,3.5306065384018805,6.414938017037106,11.417309785443209,3.495978851590506,5.838943425143516,6.93259426867404,-2.893065065263028,0.812641118720324,0.6196249672174279,-2.6884521342353467,1.512211958067351,3.6605295087847525,6.875275257766592,3.580917096231679,-3.4665270572705955,2.4272969993458124,5.438239455029763,2.093715087627701
Block PF,block,32000,400,5,20,3,2019-01-24T09:06:14.458,4,-2.2223994470288,28.982439992,0,,5.867914813713035e18,5.867914813713035e18,0.032413130508271236,-21.23808155554862,-8.326447466841874,-4.988696547263981,4.596209466328694,6.722514156484289,2.188570185872087,-1.5058869902909988,-3.2764180812488553,2.6674221320247886,13.729350401710253,-3.6244138416941225,-8.803066316941724,-2.988876974310018,2.96071210760618,4.808322907432043,0.390878190499874,0.1096833456320323,-3.1385697263806565,5.914933866022884,11.387054602308286,5.61125980058616,0.0012042568150261348,7.452383780616305e-5,0.00023004215121141195,0.00024158490010313868,2.497147217774376e-5,0.0005777174663983706,0.000634608218916468,0.00014379804103200274,0.00026767051065270075,0.0016218515275502909,1.3154330670576825e-5,2.2809028516299743e-6,1.4074964211877691e-6,1.0462353149207032e-5,4.110119727638164e-6,0.00028475386660988704,0.0007423703156892649,0.0003609268977397535,0.00012573087264972,0.004227137134333086,2.1086436435001946e-5,7.593794311098612e-5,0.0001441207334311039,-1.8158289801816806e-5,0.0,0.00038860553183519436,0.00023534932321064722,-9.195870613762044e-5,0.0005079342916897093,0.0,-1.9228424541523297e-6,3.4785443815395353e-9,-1.6283372341300305e-6,6.510803388285304e-6,0.0,0.0004273459227595717,0.00011348318195786404,9.094625434521091e-5,-1.0779915340905356e-5,-0.000342258864890744,-3.1180874271841754e-5,-4.6941714754995265e-5,0.0,0.0,2.3176810517946704e-5,-0.0003383919943039807,-0.0002610411981338384,0.0,0.0,-4.031961274403836e-6,-4.42745142008027e-6,-1.272928933434991e-6,0.0,0.0,-4.182399337203169e-5,-8.79109940308937e-5,-0.0009978515455332264,-1.5913680425277767,1.8088005475551623,2.5384471937924027,4.81675729708314,7.894744258009441,-0.45707850304291064,1.395545200725734,0.7115360192680387,-0.17815919704002883,-1.2156459512913278,3.7713587730335205,9.52896543814682,4.288275326666959,1.3795979604121218,-0.8428295387329497,5.332585240943307,4.353339718162882,0.8088448361719264,3.0973016052563,6.015581396708292,2.710956582313452,7.178285423561454,0.06944376176551348,-4.081470456695923,2.687503808972669,6.943328542907355,4.887670505028412,3.6314976393218634,-3.341244791720383,3.9464287952535813,7.350759910453625,2.1591991195723845,0.48032942707742077,0.46759990183353706,0.3062109352304508,3.2340027863751786,8.25986112322641,-0.6316532410756145,-3.2790990767515034,-2.2223994470288,2.7346251435304545,7.15740071393317,-0.5331326565116334,-6.197884371474048,2.2027738682044573,7.046249379819228,7.7702475079496605,3.889715538276678,-3.7903806857500113,3.922551561923294,8.8155967794328,2.748255742332221,0.35228923627134356,0.4459065408324926,0.3202705934638645,3.286180986971492,8.281136314008323,-0.6355992674100275,-3.1876859902816683,-3.6430543627140466
Block PF,block,32000,400,5,20,3,2019-01-24T09:06:14.458,5,4.55589227339244,29.086264984,0,,8217.091278985474,8228.45296811999,0.18240991341249851,-11.544099047928327,2.56225847344528,0.7683467527412933,3.231404662905132,1.3878776398465167,-10.042550935728455,1.2390132075168758,6.327437882255156,-0.39179827438563575,-1.940579522063171,2.8575418643333577,2.834722670114626,-5.510841886121807,-10.081728961500819,-0.595013651030325,2.3422693886169403,-1.2416444277844287,-7.110954373647877,2.0847384891060328,5.26488033878366,-3.1961398849961418,0.000692722752224135,0.0025708867380888354,0.0185363044247271,0.08528280995491246,0.008175426345126734,0.0030719187585747784,0.00017111356856287918,0.005032004102640279,0.008820544984319043,0.0033470705994608,0.001926855694302157,0.009360049155307134,0.0040659344768896235,0.010379373649704557,0.002155112474302879,0.010635165144735188,0.02030079328789814,0.015795769051723564,0.0005189538369498079,0.008128594076233432,0.000333390649902955,0.006825677777150212,-0.03927097812247695,0.024694860296302606,0.0,-0.0002720540466595813,0.0006349210360190947,-0.004479640610746851,0.00462555939252992,0.0,0.003083176220122938,0.0003402540539769608,-0.00019857662897187632,-0.000859742061516816,0.0,0.014131224210790976,0.017756962312188068,0.001065746468553092,-0.0007524669653631277,0.0004415456942528427,-0.01451801396186879,-0.01127030773714107,0.0,0.0,-0.003381333833906745,-0.000136025600223179,-0.0013828367004250011,0.0,0.0,-0.001554593411603896,-0.009077506699150976,-0.002327337542744445,0.0,0.0,0.012761576349704623,0.0012586557704886742,-0.010530497097978278,0.26943347308368326,5.702913819267975,2.5373070522661925,-1.1495296731545321,2.5557471064434454,11.84966767208375,0.1939002054215482,0.9938734535134623,4.437245127049086,4.750775974058701,-1.6428272097451817,-1.7365020254356123,0.969223332317733,7.598507452544194,6.007190071524514,-3.9255094223520084,3.34597977033515,7.093307485311117,7.200252394309322,-0.4149511246852163,-2.328321850903891,1.7051779358871213,2.6523309001647606,3.63608616825681,4.488353369561773,-0.5706339103330254,1.6718700279403524,0.9364002601628099,1.1423288135015284,-1.3842428196530578,3.9956443481830357,7.231327646600036,3.6981272757529244,1.0679517226895339,0.6821556850605826,4.902449646762301,4.105274790346445,0.3754003333136735,3.3695286743477935,4.55589227339244,-2.251650048037428,1.692664276153206,2.579203760062557,2.839146890608645,5.38103558219113,-0.5753191790759226,2.5814186053133383,0.8133715352363413,0.8506278283832513,-1.3972586148116122,4.930188049609754,10.507751402705033,4.062637420518073,1.0027977539689472,1.7563595331970627,5.022684043379436,4.155399941609646,0.33650060354933,3.089402822487416,4.86876883567569
Block PF,block,32000,400,5,20,3,2019-01-24T09:06:14.458,6,1.5351257323667282,32.243413717,0,,1.9342925894599742e8,1.9342927061978823e8,1.0581426516800412,-12.73193352356621,0.4219835111408616,0.45050098280662,-2.2273045907958435,-3.1762245573876076,0.6260603632637527,-1.5675430697367432,-3.686320162363462,2.7877786342339537,0.4415124869415523,0.622980820867614,2.083668243184793,5.138468407620776,5.118094843835181,-2.92777096313743,-3.8956790046317393,7.364697349393836,2.3524227154527413,-1.0663221768225473,-1.7110189928487527,-4.730436817902908,0.09445057491571318,0.14717225071334447,0.49975205325363853,0.06634859972992561,0.19072755802654284,0.00026074904847407844,0.0020565286754927765,0.0002528849771366233,0.0018302652627631658,0.001586990581141053,0.03243216749186541,0.0026955577268632756,9.50914773863063e-5,3.596402451704184e-6,4.882282755053679e-5,0.0007172941781591608,0.06614675320655387,0.04347726747487831,0.20714387458570782,0.11508069968392835,-0.10744069573980072,0.22531012039214549,0.050875061648351844,0.08796068211758329,0.0,0.0004031223277592127,-0.00040518557860695626,0.0006083573482238272,-0.0005447206703617882,0.0,-0.009349940760342235,-0.0005062615397865982,1.6382874474331123e-5,1.187091815550478e-5,0.0,-0.004252487625886649,0.04218506051931114,-0.0939197936807329,0.14421277909849553,-0.19687861435006684,-0.0032055434697599874,0.23601914222330922,0.0,0.0,-0.00017795773414777877,-0.0008522711319182591,-0.00042101591069490063,0.0,0.0,0.0017559878054119518,-8.75377414815694e-5,6.811926211664827e-5,0.0,0.0,-0.0030460756922455466,-0.09527027261102972,-0.06774225297097247,2.335609780664275,-0.8363806691299004,-1.9725178079853172,2.4722391284203633,-0.7130905124455569,3.766870781755033,8.494030502112222,2.565709798811576,6.610231538209782,6.963462480454107,-0.3829890614860835,4.836378497376435,2.117195274231105,-2.597375812426653,1.4459276936099128,5.193667025430497,5.993554011931187,-1.5123603442299711,4.576911257114604,8.397419089414733,0.37618417175471935,5.8943150982015196,4.0421688933057105,3.0802476822513056,2.58234150849663,11.562753113551077,2.2881448323951994,0.7198257193466824,4.923729043206231,4.998457377675153,-1.6699817177840808,-3.380281576072238,0.98340060862726,7.882074967726179,3.2572558247785155,-3.5733144835536486,3.0579402965729416,6.963005948011915,7.5573378294171505,1.5351257323667282,0.40741445232939066,5.915182137707129,3.5221983030628587,3.3286179163436307,2.3262506107730987,11.602047836126722,4.941234901910111,0.7268815018298107,5.059276190329648,4.988723213487275,-1.777916219166732,-4.039380674171463,0.9936705281485785,7.8835486636497825,4.4444660748212,-3.5500790970451455,3.062149914251039,6.978105331465745,7.675267569359282,1.7442186875903234
Block PF,block,32000,400,5,20,3,2019-01-24T09:06:14.458,7,10.160916804289627,30.631300737,0,,468.45732209153556,475.5904503153476,0.4597884574210272,-7.592916681233123,-2.4220881869741677,-0.828526748158235,4.126928255659307,11.154511976248875,0.1053981241672789,-0.20287038280951597,3.269435193107242,-1.2570752383809032,0.38874640685414263,0.02770382515450276,-0.11310338286334196,5.440143996776125,1.80293706705266,0.03421877641636906,-1.032761935242839,1.1482171327741275,-3.301923482193613,1.2553597212052114,0.1251591602469766,4.9367111928652285,0.0021362851786038166,0.006041594340598629,0.04164253745419092,0.005452629203082764,0.018232654753572303,0.07994396518330377,0.1961255703579842,0.03760964994020642,0.009563968417259669,0.040151822666706735,0.024408908959665906,0.041620355712170994,0.12065956031819225,0.055091979757083215,0.040039002119398585,0.001925782588545107,0.05537193024680136,0.031182973119041245,0.17165475898407237,0.00641652288344198,0.0014945204823532696,0.015387195737469057,-0.006884069104117189,-0.0035439383459161563,0.0,-0.008623076701317118,0.025803384437128724,0.013007278640299843,-0.016796697505321038,0.0,0.014694804837108954,-0.06430312957843011,-0.039846366044314394,-0.026920337934247796,0.0,-0.0002479056964415201,0.03984274711524376,0.07277939024742912,-0.004207849500642537,0.004885705771436328,-0.0023603838353197897,0.02185100000906457,0.0,0.0,-0.03216294893814324,0.010521784535609981,-0.022697216763424045,0.0,0.0,-0.01634127795332354,0.019564914584291566,0.058606980194993684,0.0,0.0,0.0006476518467223973,0.09430239167105156,-0.0016579568232701904,-11.019923327350762,2.404081905749623,8.266805465893341,1.3903531794686916,2.159679902910928,0.9928366090364202,-0.213284937482497,1.1627192903176475,3.3542773106576558,6.638961467728473,-2.8158321304494707,1.704189641447551,1.8407793303520177,5.4909734506334065,5.105035261453743,-3.686046732515556,-0.4703074035460697,-0.8877756980822185,8.581852975478638,2.669400353684167,1.976415702733398,-0.6118592189424339,-2.0381155440204335,-3.0656658814371016,-0.9515966806760622,3.7657506855501532,6.125314825340482,2.360159753878956,6.390525237337196,6.795975811998891,-0.0872506413526073,1.7479439166789847,1.757491063448682,-2.88617922547707,1.678337728714235,5.758398220465268,6.532541540438581,-1.928017178253001,3.9811864397058248,10.160916804289627,1.699768807579182,-0.6238891276490626,-1.827962360979514,-2.6982039804708604,-1.07528056256628,3.752723951620252,9.104647142001141,2.439566979622955,6.451336947358431,6.753815795768967,-0.16970476944371699,1.6700252650021028,1.7302124434453243,-2.9070907159638724,1.9777342750152593,5.8005734032619864,6.627297382542931,-1.8972474103260257,4.203515455590935,11.641422372310451
Block PF,block,32000,400,5,20,3,2019-01-24T09:06:14.458,8,-0.1261639385341704,34.325894972,0,,442.3474279911138,436.5264865673985,10.278694869014807,-4.457753445299514,3.8411412932519218,-0.15305249891868566,-1.0491341842494677,3.4499501837210627,1.498176863027018,0.11979407395865715,-1.16617972999651,2.1646859607211235,-0.3703049111733079,0.22008032251591203,-0.36975085492034765,-1.1187381129223928,-0.7984115106130574,-0.1299650126512768,-3.6766022495270523,0.1622688242126804,-0.14323784974275455,-0.5800157964634736,0.5057511732456756,2.117233456125388,0.010244672085468426,0.023119138149408476,1.4427753268761596,6.164622221211329,0.09150169956591944,0.013145237119363065,0.013525160006916991,0.013847346174784204,0.20343453793821034,0.013774381968412784,0.5699923585614474,0.46325935085534137,0.1123823173363138,0.03207133567087385,0.4742384136228103,0.08458556721524148,0.18003722407167402,0.059861787989551996,0.34297197899595444,1.3209917558232145,-0.006579644987408094,-0.1491564652968474,-2.9585260029316514,0.07093141238236385,0.0,0.002552021691579673,0.01291634867020938,0.04295045705210229,0.034486509722632036,0.0,-0.1467799157967785,0.03277391822875609,-0.0030687126995657256,-0.04716892949391196,0.0,-0.11163469960272435,-0.05527044888505924,0.04043706771031223,-0.42587973097286413,0.1046531974062316,0.31142625785501077,-0.07182985251167238,0.0,0.0,0.0009752442186560163,0.03264583614722844,0.007544838631694143,0.0,0.0,0.17626389512313562,-0.03987167709710987,0.0866245207751896,0.0,0.0,0.047560966186683894,-0.14158199390647544,-0.20710735693288207,1.2660459488402642,-1.3381641937407018,0.28945418554561475,8.477283635385719,2.2915595609054282,-0.2747976343485795,5.335245352567273,1.96469041612848,-3.009752935269504,1.6524801039472792,8.867502444441042,7.448179453594081,0.5471792552937014,1.373036507956866,5.918826449534982,9.765713906418373,7.696510765298374,6.082472386438837,3.299535923953048,0.5352708099352873,-11.166786161811066,2.423532112162402,7.237387014576606,4.856773422667683,0.5736713929331276,1.2011445329692632,-1.3073156166908926,0.813931470041076,2.962762837472091,6.612345689045191,-0.8180167871851607,-2.07629207353153,1.8979474210996046,5.495452332215921,8.550363889463709,-4.769627367622046,-0.794420486922974,-0.6933726207711293,8.634121245526227,-0.1261639385341704,-11.573066608797527,2.461849043585809,7.71064183946543,3.2726865935729923,0.769268631871266,1.24632203041763,-2.3004064602945635,0.8806276527592865,3.2081444517785784,6.643622890585094,-1.5165741312805627,-1.4792411655801114,1.755649034805974,5.482444211418811,9.012039774291054,-5.162054303446216,-0.8217827350272253,-0.7355413800904053,9.093309465117295,2.123343909823382
Block PF,block,32000,400,5,20,3,2019-01-24T09:06:14.458,9,1.2153580643177215,30.480291914,0,,8.04118865265951e16,8.041188652659512e16,0.7838230020661268,-17.203958496522215,1.6832725206955548,-0.593902986383164,-1.3246035581393358,-4.696307116364489,2.6181085593886664,0.13085322303040317,4.126171837113924,1.7246183422618757,-0.2873542126991717,0.14094335794629198,-2.089789431355105,1.5883084504407208,0.6036435863979397,-0.17661358510814806,0.7235639623049241,-2.8991645817401688,-3.869545568518263,0.6357566378559074,2.1836303050603902,-0.3932050642467373,0.008832774450427903,0.14718255102344208,0.007492758721320713,0.10224133867375654,0.0416077567488015,0.009484731447748865,0.019206913842701206,0.0005881678117473469,0.03603074454701709,0.0023026714380363447,0.07417877472825732,0.5652763420414839,0.7141580849033319,0.021616042965897288,0.016256763384748383,9.563701210339535e-6,1.535884673770112e-6,2.1704941052373555e-6,7.023077209854263e-6,4.815558871062727e-6,-0.03502201600318204,0.03158597455378831,0.02621973753780043,0.06512458068154166,0.0,-0.012995502326676123,-0.0007167674753048774,0.0008323477298052917,-0.009083626460426389,0.0,-0.19621660776618063,0.625707019114933,-0.017993214086627848,0.017514265972792726,0.0,3.832589385290953e-6,-1.8258225889744654e-6,3.904298297063033e-6,-5.81549991646114e-6,-0.006918672025441761,0.12266178364043966,0.017011652272607727,0.0,0.0,-0.0001233433548602409,-0.026282478850720555,-0.00013769752461012478,0.0,0.0,-0.2276861719053988,-0.031685824339642184,-0.05247946454167821,0.0,0.0,-4.556089916158753e-6,-3.284301007209756e-6,-3.2329772183045278e-6,10.779226229127064,0.44154904006317724,-2.747336544955005,-1.7124231792556999,0.6774038881782941,1.8442846785812383,7.973353450309286,3.913952079063999,0.37191778298100847,4.855286976945956,5.894554783354782,-2.0431037522288604,3.8263631000101697,3.2570874959545812,3.8813453543174092,-2.4175011413020258,-2.0086401323393117,2.1841774439595754,-0.5924509932413701,1.0918810197484234,0.4699185895451219,-1.4902754120032613,-0.8013152778635657,4.5787474631761205,3.1040925367533703,-0.1314800518573671,2.9448468672129335,1.1148759744269552,-3.5621399156594356,1.7907919621001496,8.380914593864132,6.388959599635058,0.7341625142747839,1.245928743898344,4.989235908072667,9.346977054726768,7.300350634138037,5.632503671119606,3.6332051905273115,1.2153580643177215,0.15827508351615838,-1.4808430012091995,-0.26786651452343796,6.723983565068719,3.080728268068773,-0.20539492643781665,4.8194219362573465,1.2959012821004707,-3.7807949187441854,1.7815913930579894,8.983618924509628,7.065630765201276,0.5770227528598657,1.2766633549112671,5.8327947411731,9.467974500598613,7.530303195118512,5.7211355311621634,3.993446961533,2.678573512896061
Block PF,block,32000,400,5,20,3,2019-01-24T09:06:14.458,10,1.256903075379034,33.616229922,0,,616096.952953514,616115.8583825071,0.02405359240710284,-18.929482585613453,-5.194154379107455,-0.271894179793385,1.5551675744718598,0.960895524753741,-0.5883530804442314,-3.067022863079871,-7.749666393520684,-1.6279852942453044,6.164106525526737,-3.0009764951315367,-8.151211404909978,0.6258905794835673,1.548970364221657,-1.75596473099076,-3.382626332642943,-1.279274471556068,-6.313855629881838,-2.4807785083209013,5.8828363926918295,8.608324567995504,0.0032765861487451943,0.001066984131806385,0.0007352337115348018,0.0001625719111062596,4.9954304220250685e-5,1.0507342303465284e-6,9.61282434466086e-7,1.1583744042800228e-6,1.0000208362334191e-6,5.0241728970828995e-6,0.0011482096614405548,0.0009279187180548771,9.5262261344569e-6,0.006582809349537008,9.10726696403925e-5,0.009110646210095632,0.0016565748049343998,0.0024314228769117636,0.00046816614695864046,2.515001181017678e-5,0.0017371773774121706,-0.0008504248297027776,-0.0002824160511139313,8.523540313189922e-5,0.0,-1.4507344041122051e-8,-3.619237984516092e-8,-3.2943004798491806e-8,2.75150513924857e-7,0.0,-0.0007743460039464232,8.462431248167074e-5,-8.214484814222085e-5,0.00038072836329468626,0.0,-0.003876734968319424,-0.0020022135176538214,-0.0010012550155228557,3.474301980670777e-5,-0.001500270559432816,0.0002750374890084531,-0.00012648832749445732,0.0,0.0,8.10650890434658e-9,8.809495066638483e-9,-7.929703216990358e-7,0.0,0.0,-5.9347871102964683e-5,-0.0004178251745612798,-2.6360408096659335e-5,0.0,0.0,0.004705279679458343,0.0008419855312174284,-0.00015082297860383423,10.779605283287617,0.4421685719086609,-2.7469396006705047,-1.7128131618133602,0.6781670032567997,1.8435940010398613,7.9738069244066265,3.915512304960091,0.3729186624404168,4.855543407817137,5.895841198362804,-2.0425948998391203,3.8252599330562824,3.2571978683818763,3.8810247755274743,-2.4173565409282594,-2.0084274803778834,2.185900963003681,-0.5923796750958316,1.091015487765855,11.498420181728585,0.605811178620705,-2.637091314130218,1.726642814678126,0.056063375080960376,2.3615505291804744,8.144653175740455,4.511456466444215,0.6828413085644294,5.400651769205863,5.569573923180886,-1.2106274281409888,4.638687464301191,3.21051916055295,4.25989899501759,-1.647154355646669,-0.06514007473558792,2.5994439848811064,-0.8168357017967758,1.256903075379034,11.655814151517287,0.5451563287247877,-2.441844026435119,2.4378985069767762,0.13397810852672265,2.3809668207717567,8.749709966346593,4.600483721617221,0.7039032238649786,5.424655832347057,5.269219382161409,-1.585578055405623,5.013249772041319,3.22441019156047,2.997865463403117,-1.7186856840735563,-0.09094311206172456,2.631439097255695,-0.6647116420110365,2.501133714437887
