model,dimension,rep,steps,nfp,nfapf,npf,nIter,numMhAccepts,kl,covdiv,meandiv,entropydiv,histPerLoc,sampType,runtime,errorType,sqerr,mhType
model,dimension,rep,steps,nfp,nfapf,npf,nIter,numMhAccepts,kl,covdiv,meandiv,entropydiv,histPerLoc,sampType,runtime,errorType,sqerr,mhType
ideal,25,1,1,80,1280,6400,0,0,0.006234870640837121,-0.0035468336842091053,0.002806526433274037,0.006975177891772192,0,none,,,2.1187151943553637,none
particle,25,1,1,80,1280,6400,0,0,0.0007379511238584143,0.003020554611925741,0.00016075011024831574,-0.0024433535983156424,0,none,,,2.085493830466548,none
franken,25,1,1,80,1280,6400,0,0,0.003365162570250082,-0.014613813694290323,0.0013657711831863459,0.016613205081354058,0,none,,,2.098265350628885,none
ideal,25,1,2,80,1280,6400,0,0,0.003388003841379199,0.02051987270155428,0.0009385909710666791,-0.018070459831241763,0,none,,,1.5065291639095737,none
particle,25,1,2,80,1280,6400,0,0,0.9174041037985583,-0.5842981699030073,0.6367826694971529,0.864919604204413,0,none,0.622335098,,2.4594800408145168,none
franken,25,1,2,80,1280,6400,0,0,0.9736566076052028,-0.5862334942528108,0.683575555190209,0.8763145466678046,0,none,0.282031967,,2.5020126042250546,none
ideal,25,1,3,80,1280,6400,0,0,0.0038147472173387003,0.0012902758334144004,0.0010777803447051433,0.0014466910392191565,0,none,,,1.6005853986793963,none
particle,25,1,3,80,1280,6400,0,0,1.0682361565892518,-0.4891744597995764,0.8189839830070696,0.7384266333817582,0,none,0.073510169,,2.162808395594288,none
franken,25,1,3,80,1280,6400,0,0,1.0106643350636206,-0.48755583797918994,0.7587528831759105,0.7394672898669,0,none,0.013824523,,2.097436148790206,none
ideal,25,1,4,80,1280,6400,0,0,0.004602541589728061,0.014221397824569798,0.0006263426027992312,-0.010245198837640971,0,none,,,1.5022254741667969,none
particle,25,1,4,80,1280,6400,0,0,4.986204975911634,-0.44474631409400045,4.745250239277997,0.6857010507276373,0,none,0.103132816,,3.5345008699451053,none
franken,25,1,4,80,1280,6400,0,0,4.975377790383129,-0.4798638900702197,4.726367382520755,0.728874297932594,0,none,0.01967751,,3.593731253802659,none
ideal,25,1,5,80,1280,6400,0,0,0.005389116764421903,0.007605526685499242,0.0011063756969339918,-0.003322785618011331,0,none,,,1.4901898413410788,none
particle,25,1,5,80,1280,6400,0,0,1.378202194400804,-0.4052921737611976,1.1483554100398718,0.6351389581221295,0,none,0.065764081,,2.3853672360997042,none
franken,25,1,5,80,1280,6400,0,0,0.9360501758152913,-0.44329773583671983,0.6990128915205887,0.6803350201314227,0,none,0.013260777,,2.2243107241594933,none
ideal,25,1,6,80,1280,6400,0,0,0.003918966698867822,-0.003037995674100763,0.0011655001096593349,0.00579146226330925,0,none,,,1.7274833365281654,none
particle,25,1,6,80,1280,6400,0,0,1.8213658365105019,-0.4679344006034887,1.576049587450589,0.7132506496634017,0,none,0.12936474,,3.1229455916650126,none
franken,25,1,6,80,1280,6400,0,0,1.5650578416418197,-0.45670102941202884,1.3170809660622447,0.704677904991604,0,none,0.014636241,,2.891096934807215,none
ideal,25,1,7,80,1280,6400,0,0,0.004618884955611971,0.0020541479175200383,0.0013321475764344049,0.0012325894616575259,0,none,,,2.2407126112482647,none
particle,25,1,7,80,1280,6400,0,0,1.8711374573262587,-0.43508343461547555,1.6306374122745113,0.6755834796672229,0,none,0.09234914,,3.3314047670348965,none
franken,25,1,7,80,1280,6400,0,0,1.7785753616546185,-0.465090158410021,1.5299387578118586,0.713726762252781,0,none,0.017536913,,3.2223443937863165,none
ideal,25,1,8,80,1280,6400,0,0,0.003390185199873407,0.010438336743963439,0.0006295794623293494,-0.007677731006419382,0,none,,,2.3604682485503377,none
particle,25,1,8,80,1280,6400,0,0,1.1349168657402573,-0.44410030072599127,0.9022533961586525,0.676763770307596,0,none,0.075575725,,3.6003868975777973,none
franken,25,1,8,80,1280,6400,0,0,1.2374443280454355,-0.4795286374418977,0.9796217182777471,0.737351247209586,0,none,0.012115524,,3.565460923138128,none
ideal,25,1,9,80,1280,6400,0,0,0.004338307572886715,-0.009484273921901903,0.0012495148494362305,0.012573066645352387,0,none,,,2.0446964250201147,none
particle,25,1,9,80,1280,6400,0,0,1.32045438715106,-0.34261453408996356,1.1239728610866624,0.5390960601543608,0,none,0.060562849,,3.438751790324024,none
franken,25,1,9,80,1280,6400,0,0,1.1919781406373195,-0.4722060056687566,0.9523501138153716,0.7118340324907043,0,none,0.015892223,,3.4423911849434754,none
ideal,25,1,10,80,1280,6400,0,0,0.004412610406502951,0.04148132655842246,0.001145718646042048,-0.03821443479796156,0,none,,,1.4701395726254638,none
particle,25,1,10,80,1280,6400,0,0,2.399605433637943,-0.4426627167609686,2.1729753974473653,0.6692927529515471,0,none,0.088558195,,3.0190672967215786,none
franken,25,1,10,80,1280,6400,0,0,2.730589045365718,-0.457727505467816,2.4866326354974015,0.7016839153361331,0,none,0.012973726,,3.2775254561413,none
finkel,25,1,2,80,1280,6400,1,150,0.17176109095809883,0.384879167613168,0.05058683154795208,-0.2637049082030213,3,bkf.SampleUniform,1.251670382,,1.3691740593545982,bkf.MhSampled
finkel,25,1,3,80,1280,6400,1,167,0.20755233672697637,0.25566112436475297,0.08181278999488001,-0.1299215776326566,3,bkf.SampleUniform,0.775417731,,1.4504749598409896,bkf.MhSampled
finkel,25,1,4,80,1280,6400,1,195,0.7321970429352377,0.7209102762537587,0.3541976235240978,-0.3429108568426189,3,bkf.SampleUniform,0.433893545,,1.5721676258779194,bkf.MhSampled
finkel,25,1,5,80,1280,6400,1,158,0.3293612837087392,0.2768540276465181,0.23324738444112558,-0.18074012837890457,3,bkf.SampleUniform,0.397207604,,1.7633697837413878,bkf.MhSampled
finkel,25,1,6,80,1280,6400,1,141,0.27014393965069433,0.32547643546392746,0.1560118888552855,-0.21134438466851854,3,bkf.SampleUniform,0.41174531,,1.9125240004588673,bkf.MhSampled
finkel,25,1,7,80,1280,6400,1,144,0.232939657116514,0.40376736679477676,0.08035732151213285,-0.2511850311903956,3,bkf.SampleUniform,0.390512654,,2.087790618220323,bkf.MhSampled
finkel,25,1,8,80,1280,6400,1,162,0.1435479996864164,0.2590386114644372,0.05621710822446644,-0.17170772000248724,3,bkf.SampleUniform,0.434439836,,2.403935365544261,bkf.MhSampled
finkel,25,1,9,80,1280,6400,1,159,0.14846164669442333,0.21201061156718062,0.07205771371513409,-0.13560667858789135,3,bkf.SampleUniform,0.815461133,,2.2247494706735353,bkf.MhSampled
finkel,25,1,10,80,1280,6400,1,170,0.6288014887286082,0.5080241882355729,0.4020597194109825,-0.2812824189179472,3,bkf.SampleUniform,0.657376955,,1.699524304769847,bkf.MhSampled
finkel,25,1,2,80,1280,6400,1,170,0.16740784200310332,0.3027458878773704,0.05445437757421277,-0.18979242344847982,9,bkf.SampleUniform,0.807957604,,1.5074732967427733,bkf.MhSampled
finkel,25,1,3,80,1280,6400,1,151,0.14008704387293572,0.26603450003918744,0.03914618478347054,-0.1650936409497223,9,bkf.SampleUniform,0.842743249,,1.5560128926965833,bkf.MhSampled
finkel,25,1,4,80,1280,6400,1,185,0.5702557492712159,0.5623861433526524,0.37520215657891876,-0.3673325506603551,9,bkf.SampleUniform,0.632498378,,1.438707280861598,bkf.MhSampled
finkel,25,1,5,80,1280,6400,1,182,0.291739055982412,0.4329549017391112,0.18192998926385123,-0.32314583502055044,9,bkf.SampleUniform,0.523867183,,1.5717261036566448,bkf.MhSampled
finkel,25,1,6,80,1280,6400,1,160,0.20490499585330144,0.2069151290300752,0.1325209846061066,-0.13453111778288035,9,bkf.SampleUniform,0.633619424,,1.8070982098626243,bkf.MhSampled
finkel,25,1,7,80,1280,6400,1,156,0.2857900580027567,0.5170923993352252,0.11424433073486187,-0.34554667206733036,9,bkf.SampleUniform,0.520286211,,2.002596690001537,bkf.MhSampled
finkel,25,1,8,80,1280,6400,1,169,0.14565657634025175,0.30380484986757694,0.04072317375066293,-0.1988714472779881,9,bkf.SampleUniform,0.443623622,,2.2715927397873172,bkf.MhSampled
finkel,25,1,9,80,1280,6400,1,143,0.22203203154633283,0.39984666577688316,0.09989514432577627,-0.2777097785563266,9,bkf.SampleUniform,0.738198462,,2.213035639109609,bkf.MhSampled
finkel,25,1,10,80,1280,6400,1,176,0.5248738541185931,0.4822550847832048,0.33502541665053964,-0.29240664731515137,9,bkf.SampleUniform,0.461889673,,1.5529463660495606,bkf.MhSampled
finkel,25,1,2,80,1280,6400,70,68503,0.39333362876952777,1.0586368162525333,0.0550182999069463,-0.7203214873899518,3,bkf.SampleUniform,0.804453583,,1.350427148556408,bkf.MhSampled
finkel,25,1,3,80,1280,6400,70,71585,0.5020956323539358,1.2479997170884687,0.05088637000342623,-0.7967904547379592,3,bkf.SampleUniform,0.826866014,,1.268622065831721,bkf.MhSampled
finkel,25,1,4,80,1280,6400,70,58525,0.9323882540148705,1.5422312229129833,0.36017884464584465,-0.9700218135439576,3,bkf.SampleUniform,0.83150198,,1.4936355110737818,bkf.MhSampled
finkel,25,1,5,80,1280,6400,70,72606,0.6532241836666263,1.3889413534670711,0.13412357740520908,-0.8698407472056539,3,bkf.SampleUniform,0.853048818,,1.4766251978845912,bkf.MhSampled
finkel,25,1,6,80,1280,6400,70,70801,0.6380953981215431,1.3437410386983215,0.1310096178256595,-0.8366552584024378,3,bkf.SampleUniform,0.79438476,,1.8037305082717308,bkf.MhSampled
finkel,25,1,7,80,1280,6400,70,69712,0.6082332737948647,1.2963556768498996,0.1610910866286455,-0.8492134896836804,3,bkf.SampleUniform,0.80704052,,2.1319008387580514,bkf.MhSampled
finkel,25,1,8,80,1280,6400,70,72223,0.5615113317516154,1.442260059361642,0.054373423126739755,-0.9351221507367663,3,bkf.SampleUniform,0.900640281,,2.2015496383741606,bkf.MhSampled
finkel,25,1,9,80,1280,6400,70,75337,0.6318678569638758,1.5186940588010647,0.08278791747566937,-0.9696141193128579,3,bkf.SampleUniform,0.862081795,,2.134483887366228,bkf.MhSampled
finkel,25,1,10,80,1280,6400,70,68227,0.699316561523859,1.3529380586689295,0.23734389845356682,-0.8909653955986372,3,bkf.SampleUniform,1.125200237,,1.5805236171624986,bkf.MhSampled
finkel,25,1,2,80,1280,6400,70,74531,0.3657269584357382,1.0165566681677716,0.04603743794173966,-0.696867147673773,9,bkf.SampleUniform,1.219215887,,1.2891593173937628,bkf.MhSampled
finkel,25,1,3,80,1280,6400,70,77866,0.5809256601025983,1.4314156533248108,0.05116599837159456,-0.9016559915938069,9,bkf.SampleUniform,1.145680384,,1.173190591755091,bkf.MhSampled
finkel,25,1,4,80,1280,6400,70,63742,0.9175086817930505,1.5085026475066385,0.313051289338803,-0.9040452550523912,9,bkf.SampleUniform,1.061019228,,1.5638801067776116,bkf.MhSampled
finkel,25,1,5,80,1280,6400,70,76440,0.5990038446790498,1.3590792422601474,0.10462616623467708,-0.8647015638157746,9,bkf.SampleUniform,1.348006499,,1.4265930752440947,bkf.MhSampled
finkel,25,1,6,80,1280,6400,70,75922,0.5801138814352311,1.3155123946666278,0.10808237671555915,-0.8434808899469558,9,bkf.SampleUniform,1.163392679,,1.7044709274081036,bkf.MhSampled
finkel,25,1,7,80,1280,6400,70,73174,0.7477036245429378,1.641591533579885,0.09124047870189192,-0.9851283877388392,9,bkf.SampleUniform,1.196596523,,1.9779916174305872,bkf.MhSampled
finkel,25,1,8,80,1280,6400,70,75254,0.6622727353737733,1.604075951579424,0.04792612821565436,-0.9897293444213051,9,bkf.SampleUniform,1.183353431,,2.2308818901591123,bkf.MhSampled
finkel,25,1,9,80,1280,6400,70,76044,0.5128164352516331,1.1833019457844778,0.07618956257339199,-0.7466750731062367,9,bkf.SampleUniform,1.537030143,,2.0881986346156154,bkf.MhSampled
finkel,25,1,10,80,1280,6400,70,69247,0.8486907781579479,1.6901369780955626,0.15852254643932961,-0.9999687463769444,9,bkf.SampleUniform,1.06186215,,1.4895940702328843,bkf.MhSampled
finkel,25,1,2,80,1280,6400,200,219273,0.396210850714668,1.0813480196432899,0.0424262765639227,-0.7275634454925446,3,bkf.SampleUniform,1.704522185,,1.2667293135997628,bkf.MhSampled
finkel,25,1,3,80,1280,6400,200,230380,0.42999317339742055,1.1562443532166449,0.06081749047634959,-0.7870686702955739,3,bkf.SampleUniform,1.422175838,,1.221121356862424,bkf.MhSampled
finkel,25,1,4,80,1280,6400,200,189587,0.900438742094811,1.4160549687800719,0.38196096423409887,-0.8975771909193597,3,bkf.SampleUniform,1.40261091,,1.557191055795879,bkf.MhSampled
finkel,25,1,5,80,1280,6400,200,226912,0.674726452139148,1.367578066601093,0.1418447302924139,-0.8346963447543592,3,bkf.SampleUniform,1.435630163,,1.572110996941872,bkf.MhSampled
finkel,25,1,6,80,1280,6400,200,224393,0.6620008212897074,1.3232072845509721,0.1756285602433304,-0.8368350235045954,3,bkf.SampleUniform,1.427723948,,1.8535151178870202,bkf.MhSampled
finkel,25,1,7,80,1280,6400,200,217544,0.6995310721073945,1.490599839510596,0.12989426911961796,-0.9209630365228194,3,bkf.SampleUniform,1.783336875,,2.0597059093384957,bkf.MhSampled
finkel,25,1,8,80,1280,6400,200,228561,0.64845037704005,1.4797118441894077,0.10340488816916277,-0.9346663553185205,3,bkf.SampleUniform,1.805364407,,2.394316049019524,bkf.MhSampled
finkel,25,1,9,80,1280,6400,200,228457,0.7487138512128206,1.6212281552914845,0.09568671876523459,-0.9682010228438984,3,bkf.SampleUniform,1.502850925,,2.1639773722262943,bkf.MhSampled
finkel,25,1,10,80,1280,6400,200,210534,0.8574411723496512,1.5034668990455473,0.28334257419209596,-0.9293683008879919,3,bkf.SampleUniform,1.745962204,,1.5608035460020964,bkf.MhSampled
finkel,25,1,2,80,1280,6400,200,239713,0.339647611583354,0.9375519404703052,0.046468867213105176,-0.6443731961000564,9,bkf.SampleUniform,2.313468896,,1.2822345995672961,bkf.MhSampled
finkel,25,1,3,80,1280,6400,200,244223,0.5492102191659074,1.3176361673983399,0.053241698794306916,-0.8216676470267394,9,bkf.SampleUniform,2.212356586,,1.2111376856550018,bkf.MhSampled
finkel,25,1,4,80,1280,6400,200,199029,0.9837143747676683,1.6058784632203333,0.3452151413983025,-0.9673792298509675,9,bkf.SampleUniform,2.490381301,,1.5291269723602317,bkf.MhSampled
finkel,25,1,5,80,1280,6400,200,245022,0.6158138738478166,1.4448657680289245,0.09867240810348489,-0.9277243022845925,9,bkf.SampleUniform,2.529376205,,1.381048140786247,bkf.MhSampled
finkel,25,1,6,80,1280,6400,200,237626,0.5508652994890336,1.260622907056284,0.11743423353904718,-0.8271918411062977,9,bkf.SampleUniform,2.621244826,,1.6649914055729282,bkf.MhSampled
finkel,25,1,7,80,1280,6400,200,234968,0.5283435997209999,1.2357238896844718,0.10919616303999441,-0.8165764530034664,9,bkf.SampleUniform,2.521962073,,1.953557170603067,bkf.MhSampled
finkel,25,1,8,80,1280,6400,200,231590,0.5465129041496819,1.4006361543368442,0.050674032869900756,-0.9047972830570632,9,bkf.SampleUniform,3.388047163,,2.1583753291082273,bkf.MhSampled
finkel,25,1,9,80,1280,6400,200,242456,0.5641628265655966,1.3836613944760112,0.05520382518695226,-0.8747023930973671,9,bkf.SampleUniform,3.19636561,,1.9709204169677759,bkf.MhSampled
finkel,25,1,10,80,1280,6400,200,224620,0.720444072450962,1.3992988600236869,0.1875835717081632,-0.8664383592808882,9,bkf.SampleUniform,2.1459758,,1.5668704805655627,bkf.MhSampled
ideal,25,2,1,80,1280,6400,0,0,0.0038388014626964916,-0.012958694934443626,0.001355357048488953,0.015442139348651164,0,none,,,1.9662796347275706,none
particle,25,2,1,80,1280,6400,0,0,0.0006919537212320926,0.0037089978067355867,0.00015348818009837994,-0.003170532265601874,0,none,,,1.947490240652289,none
franken,25,2,1,80,1280,6400,0,0,0.0035651535425209498,0.008077635392603894,0.00151880038698669,-0.006031282237069632,0,none,,,1.9426663442479104,none
ideal,25,2,2,80,1280,6400,0,0,0.004098802354986451,0.010126407107391489,0.0004966935901803736,-0.0065242983425854145,0,none,,,1.459253160041427,none
particle,25,2,2,80,1280,6400,0,0,1.9195786776835873,-0.5893868879046532,1.6407464171418547,0.8682191484463857,0,none,0.08033216,,2.59852164776327,none
franken,25,2,2,80,1280,6400,0,0,1.9948035899286034,-0.5732818343821795,1.7209009533202415,0.8471844709905414,0,none,0.018134789,,2.586531759189578,none
ideal,25,2,3,80,1280,6400,0,0,0.0036879511050491413,0.0019310227019757042,0.0008767232756850415,0.0008802051273883948,0,none,,,1.4639340658179905,none
particle,25,2,3,80,1280,6400,0,0,2.085063123463582,-0.3929273710188752,1.8796549683712127,0.5983355261112442,0,none,0.085621069,,2.342995230884465,none
franken,25,2,3,80,1280,6400,0,0,1.6639631483554194,-0.4859247859607849,1.4217419191313612,0.7281460151848431,0,none,0.014766092,,2.0440773544342075,none
ideal,25,2,4,80,1280,6400,0,0,0.004835168957579665,0.007777114451571143,0.0007200634050119267,-0.0036620088990034034,0,none,,,1.9687709071692236,none
particle,25,2,4,80,1280,6400,0,0,2.363105282735416,-0.3520875175675666,2.1613274418635395,0.5538653584394431,0,none,0.073199147,,3.2264125043218086,none
franken,25,2,4,80,1280,6400,0,0,1.6786761871040592,-0.4572486395857239,1.435094274440968,0.7008305522488151,0,none,0.013174611,,3.0615767383303227,none
ideal,25,2,5,80,1280,6400,0,0,0.0034927757425518152,0.00044586286793249497,0.001699851233818619,0.001347061640800701,0,none,,,2.4494453040822126,none
particle,25,2,5,80,1280,6400,0,0,1.6710644179893706,-0.32120430990042603,1.4847862830465732,0.5074824448432232,0,none,0.100245961,,3.835695390705325,none
franken,25,2,5,80,1280,6400,0,0,1.5131357383681945,-0.4837363268906921,1.2642248510699718,0.7326472141889147,0,none,0.013298823,,3.765999854002515,none
ideal,25,2,6,80,1280,6400,0,0,0.004220179067312535,0.009966196011180817,0.0015522706474996424,-0.007298287591367925,0,none,,,1.9281025027324146,none
particle,25,2,6,80,1280,6400,0,0,1.2250332828471924,-0.4346113907550163,0.9990939311923195,0.6605507424098894,0,none,0.143983878,,2.810151387977771,none
franken,25,2,6,80,1280,6400,0,0,0.941896342092308,-0.45162752692787256,0.6943516905403525,0.6991721784798279,0,none,0.018672896,,2.629480901850255,none
ideal,25,2,7,80,1280,6400,0,0,0.002901057787500616,0.010253130984570064,0.0007332928270637818,-0.008085366024133228,0,none,,,1.5811457535164657,none
particle,25,2,7,80,1280,6400,0,0,1.2190309950257812,-0.46108356853980115,0.9740735087407244,0.7060410548248583,0,none,0.082849885,,2.8130656797575826,none
franken,25,2,7,80,1280,6400,0,0,1.259124873895723,-0.47661272532858756,1.0108358586900186,0.7249017405342917,0,none,0.013145996,,2.8804423596450386,none
ideal,25,2,8,80,1280,6400,0,0,0.0034688919615144045,0.022875795590777792,0.0005414422370803327,-0.019948345866343718,0,none,,,1.6940239096336556,none
particle,25,2,8,80,1280,6400,0,0,0.8222097667788726,-0.41457848905579414,0.5979129635429353,0.6388752922917313,0,none,0.080653267,,2.4437402552218916,none
franken,25,2,8,80,1280,6400,0,0,0.6919352727375302,-0.47233281939472316,0.44204980327229165,0.7222182888599618,0,none,0.02130228,,2.5092764205989733,none
ideal,25,2,9,80,1280,6400,0,0,0.003676180939829206,0.009987408629652667,0.001054004839337003,-0.007365232529160463,0,none,,,1.5542627992614793,none
particle,25,2,9,80,1280,6400,0,0,1.3790605412643109,-0.42070046208852774,1.1487401856554704,0.6510208176973684,0,none,0.129641463,,2.6107431420126677,none
franken,25,2,9,80,1280,6400,0,0,1.181858512046185,-0.4698922308653826,0.9309364899340492,0.7208142529775187,0,none,0.013936408,,2.508212162039661,none
ideal,25,2,10,80,1280,6400,0,0,0.0036282552348542215,-0.0022884221624650536,0.0014790952288121213,0.004437582168507153,0,none,,,1.4330675662575039,none
particle,25,2,10,80,1280,6400,0,0,0.9411119014456513,-0.48003041666521146,0.6832567069712998,0.7378856111395629,0,none,0.284633328,,2.1232034835312397,none
franken,25,2,10,80,1280,6400,0,0,0.9420167394494454,-0.4674596306648887,0.6824432250090576,0.7270331451052765,0,none,0.012152571,,2.165632564793511,none
finkel,25,2,2,80,1280,6400,1,143,0.18609635230754412,0.23348467496735917,0.06930681147500417,-0.11669513413481925,3,bkf.SampleUniform,0.340133152,,1.5095305685731915,bkf.MhSampled
finkel,25,2,3,80,1280,6400,1,161,0.3091910307015878,0.6091729183133323,0.13359037261287166,-0.43357226022461626,3,bkf.SampleUniform,0.359177438,,1.3413836662204277,bkf.MhSampled
finkel,25,2,4,80,1280,6400,1,188,0.22166182210246294,0.2556084424165762,0.1336865379647672,-0.16763315827888053,3,bkf.SampleUniform,0.343502615,,1.9566306875904407,bkf.MhSampled
finkel,25,2,5,80,1280,6400,1,175,0.23285095826897706,0.2762133443517746,0.1452522031051088,-0.1886145891879063,3,bkf.SampleUniform,0.35564684,,2.5847967252186597,bkf.MhSampled
finkel,25,2,6,80,1280,6400,1,174,0.1672293179279416,0.21603019086445174,0.09488170657388739,-0.14368257951039756,3,bkf.SampleUniform,0.362989456,,2.0038487365924667,bkf.MhSampled
finkel,25,2,7,80,1280,6400,1,182,0.3053472688610497,0.5109692052668755,0.1410693903967072,-0.3466913268025329,3,bkf.SampleUniform,0.516089686,,1.6381133905036696,bkf.MhSampled
finkel,25,2,8,80,1280,6400,1,137,0.2008383505364101,0.30842888529365164,0.10841351120547334,-0.21600404596271489,3,bkf.SampleUniform,0.365743559,,1.950204604150634,bkf.MhSampled
finkel,25,2,9,80,1280,6400,1,172,0.2137257609455555,0.3364748069129804,0.10526297448625276,-0.22801202045367763,3,bkf.SampleUniform,0.346686761,,1.694811321437712,bkf.MhSampled
finkel,25,2,10,80,1280,6400,1,185,0.18853659033925502,0.2413588093789616,0.09944865883608203,-0.15227087787578863,3,bkf.SampleUniform,0.389015479,,1.2886113966471313,bkf.MhSampled
finkel,25,2,2,80,1280,6400,1,157,0.1827587785873343,0.202555732098289,0.09425903933741295,-0.11405599284836762,9,bkf.SampleUniform,0.697840121,,1.5788990352580305,bkf.MhSampled
finkel,25,2,3,80,1280,6400,1,188,0.26718645315979894,0.49684669307928253,0.10219518790863848,-0.33185542782812205,9,bkf.SampleUniform,0.39646832,,1.2681625192968053,bkf.MhSampled
finkel,25,2,4,80,1280,6400,1,168,0.27599330892933366,0.2632725036088376,0.1902344542473522,-0.17751364892685617,9,bkf.SampleUniform,0.468658542,,2.145563751294838,bkf.MhSampled
finkel,25,2,5,80,1280,6400,1,171,0.3140167032066897,0.33136860567627013,0.1965418290469242,-0.21389373151650476,9,bkf.SampleUniform,0.430777861,,2.7741181458268427,bkf.MhSampled
finkel,25,2,6,80,1280,6400,1,138,0.18881335793881332,0.1646985420016203,0.08778257374321674,-0.06366775780602371,9,bkf.SampleUniform,0.373947457,,1.9886178677948105,bkf.MhSampled
finkel,25,2,7,80,1280,6400,1,158,0.29823455342288613,0.35445640110402454,0.15009829485829979,-0.20632014253943814,9,bkf.SampleUniform,0.437156818,,1.7469937914537148,bkf.MhSampled
finkel,25,2,8,80,1280,6400,1,156,0.2564072153606704,0.3574409175413392,0.14657775140667778,-0.24761145358734662,9,bkf.SampleUniform,0.390931643,,1.8967107545130033,bkf.MhSampled
finkel,25,2,9,80,1280,6400,1,198,0.2757000640179823,0.4448319812695566,0.11678398590234093,-0.2859159031539153,9,bkf.SampleUniform,0.488997367,,1.593910366906417,bkf.MhSampled
finkel,25,2,10,80,1280,6400,1,162,0.22514258120623107,0.3869858927570222,0.0966229245230348,-0.25846623607382596,9,bkf.SampleUniform,0.380434422,,1.312720858997798,bkf.MhSampled
finkel,25,2,2,80,1280,6400,70,59780,0.5183238908483068,1.2066725692191982,0.09402367505284334,-0.7823723534237348,3,bkf.SampleUniform,0.797267396,,1.225508030903987,bkf.MhSampled
finkel,25,2,3,80,1280,6400,70,67281,0.589227463902666,1.2622764019118646,0.1521961043546432,-0.8252450423638418,3,bkf.SampleUniform,1.024032173,,1.188468453652887,bkf.MhSampled
finkel,25,2,4,80,1280,6400,70,70036,0.7031164104319814,1.3949719694262395,0.2051203801155659,-0.8969759391098239,3,bkf.SampleUniform,0.843862562,,2.0298870931159914,bkf.MhSampled
finkel,25,2,5,80,1280,6400,70,70521,0.7225546589836094,1.4464984142673214,0.18752846590265762,-0.9114722211863695,3,bkf.SampleUniform,0.888803719,,2.4716504899763327,bkf.MhSampled
finkel,25,2,6,80,1280,6400,70,73871,0.5800730290275344,1.3618360717430655,0.09609090012769339,-0.8778539428432244,3,bkf.SampleUniform,0.745069995,,1.757748720500023,bkf.MhSampled
finkel,25,2,7,80,1280,6400,70,69125,0.6165381572764527,1.3243944052920482,0.11004298126424993,-0.8178992292798454,3,bkf.SampleUniform,0.756550224,,1.5243118843613546,bkf.MhSampled
finkel,25,2,8,80,1280,6400,70,73551,0.5382604209660913,1.3279629495432375,0.08587776887786638,-0.8755802974550126,3,bkf.SampleUniform,0.710842026,,1.6710778333767486,bkf.MhSampled
finkel,25,2,9,80,1280,6400,70,69854,0.5766200392049919,1.336803539260298,0.10135155587285016,-0.8615350559281558,3,bkf.SampleUniform,0.71732064,,1.4413947805396132,bkf.MhSampled
finkel,25,2,10,80,1280,6400,70,72659,0.6531320554083075,1.452001257712647,0.08118836221661292,-0.8800575645209527,3,bkf.SampleUniform,0.795920771,,1.1122650732337183,bkf.MhSampled
finkel,25,2,2,80,1280,6400,70,68817,0.4599363836203556,1.1120823342470763,0.10042876577852852,-0.7525747164052491,9,bkf.SampleUniform,0.925522839,,1.2739268398412311,bkf.MhSampled
finkel,25,2,3,80,1280,6400,70,70185,0.6257898940595306,1.3101341878373187,0.131947133686,-0.8162914274637882,9,bkf.SampleUniform,0.90280868,,1.0921544385269328,bkf.MhSampled
finkel,25,2,4,80,1280,6400,70,73014,0.6631703340080505,1.3940712282430325,0.15971386313862235,-0.8906147573736044,9,bkf.SampleUniform,1.182902254,,1.926194714143529,bkf.MhSampled
finkel,25,2,5,80,1280,6400,70,73727,0.6574740840013963,1.4298785616543128,0.16937834849775585,-0.9417828261506724,9,bkf.SampleUniform,0.949817642,,2.4854816334331757,bkf.MhSampled
finkel,25,2,6,80,1280,6400,70,77161,0.6781638326726935,1.4646422947849826,0.09313027845930757,-0.8796087405715965,9,bkf.SampleUniform,0.959535421,,1.7018473473468418,bkf.MhSampled
finkel,25,2,7,80,1280,6400,70,73277,0.6302926272182595,1.4179125302968068,0.07794318034243455,-0.8655630834209816,9,bkf.SampleUniform,0.931281629,,1.3807525898550181,bkf.MhSampled
finkel,25,2,8,80,1280,6400,70,76770,0.5886813509259404,1.4411777052427563,0.06830771091255008,-0.9208040652293659,9,bkf.SampleUniform,0.936154411,,1.5697007056957966,bkf.MhSampled
finkel,25,2,9,80,1280,6400,70,73620,0.6817051874762468,1.5581628824778182,0.06922023568037425,-0.9456779306819458,9,bkf.SampleUniform,0.958457599,,1.2993725434132208,bkf.MhSampled
finkel,25,2,10,80,1280,6400,70,76983,0.7026921897685727,1.5741794292194378,0.10583622466448758,-0.9773234641153526,9,bkf.SampleUniform,1.00996262,,1.0330659765306367,bkf.MhSampled
finkel,25,2,2,80,1280,6400,200,188055,0.5057419249223777,1.1924195309731926,0.10294258501413789,-0.789620191064953,3,bkf.SampleUniform,1.356921864,,1.229313256781447,bkf.MhSampled
finkel,25,2,3,80,1280,6400,200,215789,0.6675293396506851,1.440548403021676,0.12943245870739759,-0.9024515220783885,3,bkf.SampleUniform,1.414602135,,1.0697490316560172,bkf.MhSampled
finkel,25,2,4,80,1280,6400,200,221567,0.6918148701207505,1.462256805083789,0.1552239970651878,-0.9256659320282263,3,bkf.SampleUniform,1.414853887,,1.8753263114637027,bkf.MhSampled
finkel,25,2,5,80,1280,6400,200,212885,0.5725351148310179,1.2925862020696335,0.12921130278239318,-0.8492623900210087,3,bkf.SampleUniform,1.606292458,,2.420429497817189,bkf.MhSampled
finkel,25,2,6,80,1280,6400,200,233139,0.6176942156844422,1.4373749205498096,0.07576309273695259,-0.8954437976023202,3,bkf.SampleUniform,1.540180911,,1.7382863342873747,bkf.MhSampled
finkel,25,2,7,80,1280,6400,200,227069,0.7159990365172045,1.6985431935350395,0.06356083477882697,-1.0461049917966618,3,bkf.SampleUniform,1.599246073,,1.3244819631570734,bkf.MhSampled
finkel,25,2,8,80,1280,6400,200,236871,0.5361917690009677,1.3299953438322396,0.05549376160906477,-0.8492973364403367,3,bkf.SampleUniform,1.490126139,,1.5420846389201535,bkf.MhSampled
finkel,25,2,9,80,1280,6400,200,218454,0.5816913852369443,1.3315330369309517,0.08700341933990227,-0.8368450710339095,3,bkf.SampleUniform,1.497112512,,1.3807336916010169,bkf.MhSampled
finkel,25,2,10,80,1280,6400,200,231092,0.5496480081271532,1.3939302751959761,0.0578711011311633,-0.9021533681999864,3,bkf.SampleUniform,1.409562005,,1.0528210117563535,bkf.MhSampled
finkel,25,2,2,80,1280,6400,200,212405,0.42463926661642704,1.0866608940947464,0.07466345523648332,-0.7366850827148027,9,bkf.SampleUniform,2.015939429,,1.2795182163056436,bkf.MhSampled
finkel,25,2,3,80,1280,6400,200,223910,0.6704499031311268,1.4905042558886805,0.10374225343963038,-0.9237966061971841,9,bkf.SampleUniform,1.96357077,,1.0851480512601746,bkf.MhSampled
finkel,25,2,4,80,1280,6400,200,231067,0.5900644783229978,1.270246453986007,0.15995928434242657,-0.8401412600054358,9,bkf.SampleUniform,2.018815765,,1.8657737035341508,bkf.MhSampled
finkel,25,2,5,80,1280,6400,200,232799,0.7518496026094084,1.58264821599598,0.1323780601599798,-0.9631766735465516,9,bkf.SampleUniform,2.310197534,,2.390038206205434,bkf.MhSampled
finkel,25,2,6,80,1280,6400,200,246882,0.6994288196417832,1.6308489421948078,0.06338358569811829,-0.9948037082511431,9,bkf.SampleUniform,2.41564356,,1.6439740295252772,bkf.MhSampled
finkel,25,2,7,80,1280,6400,200,233268,0.6379915901831131,1.4817048191030804,0.07565277236106077,-0.919366001281028,9,bkf.SampleUniform,2.898633607,,1.4134819588812386,bkf.MhSampled
finkel,25,2,8,80,1280,6400,200,244775,0.5430576425157134,1.1967596993841145,0.06840193637170791,-0.722103993240109,9,bkf.SampleUniform,2.375684987,,1.5601058510402723,bkf.MhSampled
finkel,25,2,9,80,1280,6400,200,231576,0.5152881587731534,1.264728092751879,0.07980420469104554,-0.8292441386697711,9,bkf.SampleUniform,3.289682997,,1.3979540287763252,bkf.MhSampled
finkel,25,2,10,80,1280,6400,200,244187,0.545579140788425,1.3340606893967284,0.08276341818738754,-0.8712449667956911,9,bkf.SampleUniform,2.569617942,,1.1032973833056348,bkf.MhSampled
ideal,25,3,1,80,1280,6400,0,0,0.005691827154419949,-0.005728352999126052,0.0019681637517579057,0.009452016401788095,0,none,,,2.394218309348458,none
particle,25,3,1,80,1280,6400,0,0,0.0008882198506782212,-0.007944411992936024,0.00024621949189564704,0.008586412351718599,0,none,,,2.376502819882647,none
franken,25,3,1,80,1280,6400,0,0,0.0047833247106520115,-0.001815796554273108,0.001947699720756142,0.004651421544168977,0,none,,,2.3740260296082223,none
ideal,25,3,2,80,1280,6400,0,0,0.0049191279994046265,0.005449410619865008,0.0014086002056430571,-0.0019388828261034388,0,none,,,1.613181214340543,none
particle,25,3,2,80,1280,6400,0,0,1.4938493612897723,-0.5828684237041071,1.2139947013536847,0.8627230836401949,0,none,0.080329174,,2.737702217323271,none
franken,25,3,2,80,1280,6400,0,0,1.5008579174387031,-0.5776948468145213,1.2126526303395557,0.8659001339136687,0,none,0.014854802,,2.750037278715344,none
ideal,25,3,3,80,1280,6400,0,0,0.0034571002762721088,-0.017316498321891444,0.0007428380344048109,0.020030760563758743,0,none,,,1.500267080549914,none
particle,25,3,3,80,1280,6400,0,0,1.8139375378345663,-0.49422633003202093,1.5536709168507163,0.7544929510158709,0,none,0.07877665,,2.577648515822552,none
franken,25,3,3,80,1280,6400,0,0,2.0045912804340094,-0.4748558135337795,1.7676114568343708,0.7118356371334176,0,none,0.011233871,,2.537846996732153,none
ideal,25,3,4,80,1280,6400,0,0,0.005487994650510562,-0.012429315775591615,0.001840175113156912,0.016077135312945266,0,none,,,1.3548902808136596,none
particle,25,3,4,80,1280,6400,0,0,1.9924276184044052,-0.45943062544417945,1.7532681263612997,0.6985901174872853,0,none,0.061326402,,2.3591511114297985,none
franken,25,3,4,80,1280,6400,0,0,2.4296054760834522,-0.46712322207558116,2.1816080421095645,0.715120656049469,0,none,0.016223759,,2.505332393189791,none
ideal,25,3,5,80,1280,6400,0,0,0.002969869145240674,-0.01843567263859719,0.0007571709147104545,0.02064837086912741,0,none,,,1.729648687704306,none
particle,25,3,5,80,1280,6400,0,0,1.3229585405188689,-0.48955030078670003,1.0613413909118499,0.7511674503937191,0,none,0.063159505,,2.61016496031932,none
franken,25,3,5,80,1280,6400,0,0,1.1622973079970675,-0.4690236549853577,0.9189895100818641,0.7123314529005612,0,none,0.011560834,,2.340978602393682,none
ideal,25,3,6,80,1280,6400,0,0,0.003390542971017912,0.006388080610483293,0.001147996364510367,-0.00414553400397575,0,none,,,1.6623301679449214,none
particle,25,3,6,80,1280,6400,0,0,1.2931615806577783,-0.49518699380737835,1.0235785074996482,0.7647700669655085,0,none,0.081272731,,2.5740279275958033,none
franken,25,3,6,80,1280,6400,0,0,1.1707225387630316,-0.45650585553925654,0.920971260105012,0.7062571341972761,0,none,0.012320587,,2.56272476343562,none
ideal,25,3,7,80,1280,6400,0,0,0.0035629114743824203,-0.010034582766725614,0.0005533795887095409,0.013044114652398492,0,none,,,2.4079922560533675,none
particle,25,3,7,80,1280,6400,0,0,0.9709385663536911,-0.45981368492372976,0.7053513634831619,0.7254008877942592,0,none,0.09663238,,3.4162523613240414,none
franken,25,3,7,80,1280,6400,0,0,0.8950093528119458,-0.4576189403283003,0.644273680901489,0.7083546122387572,0,none,0.013326873,,3.4637542177538885,none
ideal,25,3,8,80,1280,6400,0,0,0.003046104884322733,-0.006652534079918976,0.0009178079500007102,0.008780831014241,0,none,,,1.6959868802053917,none
particle,25,3,8,80,1280,6400,0,0,2.2683720903655518,-0.4796580388799198,2.010739882606898,0.737290246638574,0,none,0.075246765,,3.0607368724388073,none
franken,25,3,8,80,1280,6400,0,0,2.0628088551761006,-0.47150325272826377,1.8155666825043582,0.7187454254000061,0,none,0.018778456,,2.9995131574289924,none
ideal,25,3,9,80,1280,6400,0,0,0.004852309246154047,-0.013386310202664897,0.0010738790974317612,0.017164740351387184,0,none,,,1.706324242961328,none
particle,25,3,9,80,1280,6400,0,0,2.567396955492333,-0.4326228503474857,2.315986433150835,0.6840333726889837,0,none,0.05526695,,3.105632215846455,none
franken,25,3,9,80,1280,6400,0,0,1.8121899516954998,-0.46637366847590556,1.5679288207499413,0.7106347994214639,0,none,0.011699404,,2.62847853557752,none
ideal,25,3,10,80,1280,6400,0,0,0.003707866721449369,0.006460491965379428,0.0009165455449140394,-0.003669170788844098,0,none,,,1.5342026052670599,none
particle,25,3,10,80,1280,6400,0,0,1.360647163524325,-0.48138171210866054,1.1205707036767374,0.7214581719562478,0,none,0.082937444,,2.3791526275341464,none
franken,25,3,10,80,1280,6400,0,0,1.1937665447556527,-0.45005805124566006,0.9428443390703243,0.7009802569309884,0,none,0.01231216,,2.283512070599377,none
finkel,25,3,2,80,1280,6400,1,151,0.26085168635235323,0.4111594875705695,0.07572220344709338,-0.2260300046653097,3,bkf.SampleUniform,0.397558419,,1.6527050687782725,bkf.MhSampled
finkel,25,3,3,80,1280,6400,1,172,0.26579218781330793,0.397570246994335,0.15028408109507216,-0.28206214027609916,3,bkf.SampleUniform,0.402417477,,1.5516931143336392,bkf.MhSampled
finkel,25,3,4,80,1280,6400,1,157,0.2837843830541015,0.38666338443542236,0.15344205834861036,-0.25632105972993136,3,bkf.SampleUniform,0.516770082,,1.1784605759818012,bkf.MhSampled
finkel,25,3,5,80,1280,6400,1,173,0.2620324508947937,0.37661784651009156,0.14304242777913728,-0.25762782339443513,3,bkf.SampleUniform,0.342709543,,1.5844857105165853,bkf.MhSampled
finkel,25,3,6,80,1280,6400,1,142,0.26930911867715357,0.4243294889916667,0.11571788286019064,-0.27073825317470374,3,bkf.SampleUniform,0.446969839,,1.6333336543682404,bkf.MhSampled
finkel,25,3,7,80,1280,6400,1,131,0.24600502997025214,0.4548269547921807,0.058825850917738634,-0.26764777573966725,3,bkf.SampleUniform,0.515153743,,2.506013028753249,bkf.MhSampled
finkel,25,3,8,80,1280,6400,1,166,0.3762909328275608,0.380794909845006,0.23846497980393883,-0.24296895682138397,3,bkf.SampleUniform,0.480604695,,2.0023234323166745,bkf.MhSampled
finkel,25,3,9,80,1280,6400,1,148,0.5005009405554567,0.45314255394245145,0.3242147024643889,-0.2768563158513836,3,bkf.SampleUniform,0.423972495,,1.7873995631628357,bkf.MhSampled
finkel,25,3,10,80,1280,6400,1,150,0.31112254299789055,0.27382903810133696,0.21965928684565816,-0.18236578194910452,3,bkf.SampleUniform,0.557585573,,1.3619937744624453,bkf.MhSampled
finkel,25,3,2,80,1280,6400,1,143,0.19902360757259313,0.4068737244192061,0.08367278411011053,-0.29152290095672345,9,bkf.SampleUniform,0.430689269,,1.5546541918046055,bkf.MhSampled
finkel,25,3,3,80,1280,6400,1,190,0.27150729519250577,0.32575076949317494,0.1459130335041018,-0.200156507804771,9,bkf.SampleUniform,0.494813819,,1.5332925292440298,bkf.MhSampled
finkel,25,3,4,80,1280,6400,1,194,0.2519368064837994,0.4011667819968432,0.13188079716810214,-0.2811107726811459,9,bkf.SampleUniform,0.449226956,,1.1217783184826116,bkf.MhSampled
finkel,25,3,5,80,1280,6400,1,159,0.2593016003439236,0.3894140593133529,0.14809911624555547,-0.27821157521498474,9,bkf.SampleUniform,0.603689082,,1.5733383736184061,bkf.MhSampled
finkel,25,3,6,80,1280,6400,1,171,0.26468702020634804,0.4206154052335182,0.12394460703246442,-0.27987299205963456,9,bkf.SampleUniform,0.510770148,,1.6212906719897133,bkf.MhSampled
finkel,25,3,7,80,1280,6400,1,154,0.19234258558572567,0.34437410603123175,0.08303547182747005,-0.23506699227297612,9,bkf.SampleUniform,0.481660152,,2.509530700079718,bkf.MhSampled
finkel,25,3,8,80,1280,6400,1,167,0.43784065760762575,0.42632506643096596,0.2717630434724839,-0.2602474522958241,9,bkf.SampleUniform,0.47060574,,1.8973098540955036,bkf.MhSampled
finkel,25,3,9,80,1280,6400,1,172,0.3455785295164261,0.3668715664540801,0.21091117453668562,-0.23220421147433953,9,bkf.SampleUniform,0.470748863,,1.67997411612127,bkf.MhSampled
finkel,25,3,10,80,1280,6400,1,178,0.28717469881192337,0.4638718647295029,0.13591762520491119,-0.31261479112249074,9,bkf.SampleUniform,0.377333452,,1.2383983373582388,bkf.MhSampled
finkel,25,3,2,80,1280,6400,70,63760,0.30749697560760947,0.9347700962772514,0.05457167219534944,-0.6818447928649913,3,bkf.SampleUniform,0.917193646,,1.4054616208488153,bkf.MhSampled
finkel,25,3,3,80,1280,6400,70,67764,0.5554275185986823,1.2684182172376697,0.1103838450250365,-0.8233745436640235,3,bkf.SampleUniform,0.801146694,,1.2408418738168738,bkf.MhSampled
finkel,25,3,4,80,1280,6400,70,68738,0.5054446632541869,1.125974507431541,0.14030610916153333,-0.7608359533388875,3,bkf.SampleUniform,0.995817178,,1.0661291503687607,bkf.MhSampled
finkel,25,3,5,80,1280,6400,70,70113,0.5677767665920775,1.2362608297857836,0.12700943002235715,-0.7954934932160631,3,bkf.SampleUniform,1.126665278,,1.3869611511028335,bkf.MhSampled
finkel,25,3,6,80,1280,6400,70,71169,0.7186104027773255,1.557538873209863,0.09784646113183423,-0.9367749315643716,3,bkf.SampleUniform,0.829061049,,1.461815773149716,bkf.MhSampled
finkel,25,3,7,80,1280,6400,70,73244,0.5879664543836803,1.4122112677999141,0.05107255927478298,-0.8753173726910166,3,bkf.SampleUniform,0.757068387,,2.384764708916376,bkf.MhSampled
finkel,25,3,8,80,1280,6400,70,68202,0.5971085855285873,1.2227386038309012,0.1852532809294531,-0.8108832992317669,3,bkf.SampleUniform,0.721875746,,1.7314415827932421,bkf.MhSampled
finkel,25,3,9,80,1280,6400,70,69434,0.7122610805286123,1.4106026555777496,0.18105339321691544,-0.8793949682660527,3,bkf.SampleUniform,0.75256448,,1.4694325196378013,bkf.MhSampled
finkel,25,3,10,80,1280,6400,70,72002,0.6015523237988707,1.3931390210246455,0.11652500470855126,-0.9081117019343262,3,bkf.SampleUniform,0.961155655,,1.0721103788358628,bkf.MhSampled
finkel,25,3,2,80,1280,6400,70,72623,0.4652793225572062,1.1918594335100638,0.04803060662388208,-0.7746107175767397,9,bkf.SampleUniform,1.102749369,,1.3753734006837721,bkf.MhSampled
finkel,25,3,3,80,1280,6400,70,72696,0.6881762008103951,1.4237496217321917,0.14409220438781667,-0.8796656253096129,9,bkf.SampleUniform,1.015219265,,1.287211003095628,bkf.MhSampled
finkel,25,3,4,80,1280,6400,70,72333,0.6865695301202781,1.5076702572467249,0.09082931376462368,-0.9119300408910707,9,bkf.SampleUniform,1.241487506,,1.017349167098783,bkf.MhSampled
finkel,25,3,5,80,1280,6400,70,74742,0.7483506428394018,1.6100298268036763,0.11646189990095435,-0.9781410838652289,9,bkf.SampleUniform,1.276928398,,1.289419666772965,bkf.MhSampled
finkel,25,3,6,80,1280,6400,70,76839,0.6366937274376201,1.4342946289905631,0.09778993916293229,-0.8953908407158755,9,bkf.SampleUniform,1.229744379,,1.3710285074955926,bkf.MhSampled
finkel,25,3,7,80,1280,6400,70,77450,0.6278586275553194,1.5344109902156382,0.0710256693898779,-0.9775780320501968,9,bkf.SampleUniform,0.995749533,,2.304678620097669,bkf.MhSampled
finkel,25,3,8,80,1280,6400,70,72267,0.8034541150073194,1.573717451747261,0.18067859829897168,-0.9509419350389132,9,bkf.SampleUniform,0.958400302,,1.587032981819306,bkf.MhSampled
finkel,25,3,9,80,1280,6400,70,73910,0.6511791173401744,1.294039467033971,0.2026220570483613,-0.8454824067421577,9,bkf.SampleUniform,0.947677271,,1.4155718711535847,bkf.MhSampled
finkel,25,3,10,80,1280,6400,70,75237,0.6091690193172142,1.4033673430766544,0.10566756350693828,-0.8998658872663785,9,bkf.SampleUniform,0.94114591,,1.089306244370034,bkf.MhSampled
finkel,25,3,2,80,1280,6400,200,206334,0.43360367331141564,1.1294703922851135,0.057165762197018716,-0.7530324811707164,3,bkf.SampleUniform,1.428979247,,1.4098778811706363,bkf.MhSampled
finkel,25,3,3,80,1280,6400,200,213993,0.5868386223967835,1.3421894046909815,0.10216232014208738,-0.8575131024362854,3,bkf.SampleUniform,1.456106811,,1.265713462530052,bkf.MhSampled
finkel,25,3,4,80,1280,6400,200,207625,0.5658297959449621,1.3247811820478503,0.07863296412723422,-0.8375843502301223,3,bkf.SampleUniform,1.43532325,,1.024051574036252,bkf.MhSampled
finkel,25,3,5,80,1280,6400,200,221101,0.6787507855489449,1.4382932363890544,0.12974759984652362,-0.889290050686633,3,bkf.SampleUniform,1.638862025,,1.3300814904175164,bkf.MhSampled
finkel,25,3,6,80,1280,6400,200,230642,0.4801665171471814,1.1233669840644565,0.10253557748371346,-0.7457360444009886,3,bkf.SampleUniform,1.462044732,,1.470524444718625,bkf.MhSampled
finkel,25,3,7,80,1280,6400,200,230799,0.44981197189269484,1.1967573976491654,0.06864475559395644,-0.815590181350427,3,bkf.SampleUniform,2.160557579,,2.354107080636615,bkf.MhSampled
finkel,25,3,8,80,1280,6400,200,208869,0.6588230393629841,1.2192887110162198,0.23452486983728027,-0.7949905414905158,3,bkf.SampleUniform,1.723276505,,1.8106256297938272,bkf.MhSampled
finkel,25,3,9,80,1280,6400,200,219092,0.694065174035107,1.3384521183548468,0.19586085357899408,-0.8402477978987338,3,bkf.SampleUniform,1.45395983,,1.5063350506734596,bkf.MhSampled
finkel,25,3,10,80,1280,6400,200,229214,0.6261110945220327,1.3344511804330585,0.15377807289819384,-0.8621181588092197,3,bkf.SampleUniform,1.590416428,,1.1738877969330486,bkf.MhSampled
finkel,25,3,2,80,1280,6400,200,232505,0.4213105142782632,1.1239951687114251,0.05918816926754557,-0.7618728237007075,9,bkf.SampleUniform,2.132487196,,1.3514762378807594,bkf.MhSampled
finkel,25,3,3,80,1280,6400,200,222630,0.6280808467541689,1.3923789819418477,0.09630640859628113,-0.86060454378396,9,bkf.SampleUniform,2.0909428,,1.3234208003508243,bkf.MhSampled
finkel,25,3,4,80,1280,6400,200,225162,0.4937789667549183,1.1675350582043746,0.10630700987114011,-0.7800631013205965,9,bkf.SampleUniform,2.066675235,,1.0863041474244222,bkf.MhSampled
finkel,25,3,5,80,1280,6400,200,231824,0.5294504696024914,1.210226413531743,0.1151283595332499,-0.7959043034625018,9,bkf.SampleUniform,2.151153051,,1.3700158884250941,bkf.MhSampled
finkel,25,3,6,80,1280,6400,200,237955,0.5502665655825221,1.274862134980805,0.11599261009691908,-0.840588179495202,9,bkf.SampleUniform,2.065475493,,1.351601659879209,bkf.MhSampled
finkel,25,3,7,80,1280,6400,200,248331,0.7887103232581023,1.836372996520548,0.050883212813144243,-1.0985458860755901,9,bkf.SampleUniform,2.04486158,,2.2761407955715107,bkf.MhSampled
finkel,25,3,8,80,1280,6400,200,226201,0.718816227937211,1.350851570065376,0.21524208378568152,-0.8472774259138467,9,bkf.SampleUniform,2.202229205,,1.7444828889396984,bkf.MhSampled
finkel,25,3,9,80,1280,6400,200,230672,0.7132192343972912,1.3088663757541397,0.20567306329261623,-0.801320204649465,9,bkf.SampleUniform,2.039113789,,1.4611740648597853,bkf.MhSampled
finkel,25,3,10,80,1280,6400,200,242715,0.5241327699051391,1.2292558164701788,0.11529334091146584,-0.8204163874765055,9,bkf.SampleUniform,2.373596515,,1.1470265721985826,bkf.MhSampled
ideal,25,4,1,80,1280,6400,0,0,0.0042409776980749745,0.020640005435281106,0.0016478999795761532,-0.018046927716782284,0,none,,,2.3769684989317637,none
particle,25,4,1,80,1280,6400,0,0,0.0007713681513785721,-0.007124554973308661,0.00031531124303533326,0.0075806118816519,0,none,,,2.394794280905701,none
franken,25,4,1,80,1280,6400,0,0,0.004362525246826542,-0.008721765012656313,0.0016995974302128078,0.011384692829270047,0,none,,,2.412810423191286,none
ideal,25,4,2,80,1280,6400,0,0,0.003793344905888631,-0.030444871638807186,0.0007542208915443017,0.033483995653151515,0,none,,,1.9450299156609994,none
particle,25,4,2,80,1280,6400,0,0,1.949532126340645,-0.5843800074701727,1.6659606339545499,0.8679514998562676,0,none,0.07759103,,3.098898642735413,none
franken,25,4,2,80,1280,6400,0,0,1.9186612425739766,-0.5662422799503363,1.6464265763526849,0.8384769461716278,0,none,0.012699024,,3.0961273869196906,none
ideal,25,4,3,80,1280,6400,0,0,0.003775683691386698,0.023492786055725384,0.0017096957854692333,-0.02142679814980792,0,none,,,2.090582546832732,none
particle,25,4,3,80,1280,6400,0,0,1.261019593430683,-0.47909648943572647,1.022644149918427,0.7174719329479826,0,none,0.125254909,,3.382153780973712,none
franken,25,4,3,80,1280,6400,0,0,1.3152809543412458,-0.4741002507715675,1.0687332969336243,0.7206479081791889,0,none,0.026599325,,3.585526267671561,none
ideal,25,4,4,80,1280,6400,0,0,0.005344098293330213,0.015281166229470705,0.0027525116280142183,-0.01268957956415471,0,none,,,1.456277962388641,none
particle,25,4,4,80,1280,6400,0,0,2.538409355105821,-0.45730814745229853,2.2996915956822965,0.6960259068758236,0,none,0.065335786,,3.079421989231911,none
franken,25,4,4,80,1280,6400,0,0,2.0663027340101645,-0.4739470668623878,1.8206705860343475,0.7195792148382046,0,none,0.012852739,,2.8222062371130474,none
ideal,25,4,5,80,1280,6400,0,0,0.004488117856252438,0.012829427251172143,0.001546519013931573,-0.00988782840885128,0,none,,,2.3032749702217594,none
particle,25,4,5,80,1280,6400,0,0,1.9036939320885151,-0.4777559976155589,1.6343666949437137,0.74708323476036,0,none,0.082031897,,3.445392352720329,none
franken,25,4,5,80,1280,6400,0,0,1.4815831832503688,-0.49209637370361814,1.2380525760163246,0.7356269809376623,0,none,0.017542943,,3.434923871809218,none
ideal,25,4,6,80,1280,6400,0,0,0.003475775031893874,-0.00103260581063222,0.0008521062562826147,0.00365627458624348,0,none,,,2.2671632746292936,none
particle,25,4,6,80,1280,6400,0,0,1.3766861693671464,-0.45216960104192117,1.141376563962911,0.6874792064461566,0,none,0.078013476,,3.5327924017537593,none
franken,25,4,6,80,1280,6400,0,0,1.3510517983537271,-0.45214487225402866,1.1031092569825138,0.7000874136252419,0,none,0.015733464,,3.547441308475242,none
ideal,25,4,7,80,1280,6400,0,0,0.003592002966498163,0.0005599603536004805,0.00112803065103077,0.0019040119618669135,0,none,,,1.2830254606838043,none
particle,25,4,7,80,1280,6400,0,0,1.7851784538017255,-0.4872332356024466,1.526186703283533,0.746224986120639,0,none,0.094044724,,2.1960843465267588,none
franken,25,4,7,80,1280,6400,0,0,1.5070223312130129,-0.4590703068945514,1.2531765886023682,0.712916049505196,0,none,0.022136729,,2.1170877755305075,none
ideal,25,4,8,80,1280,6400,0,0,0.0028109191135856186,0.005668370875965473,0.0006067530721764643,-0.0034642048345563184,0,none,,,2.000205242150801,none
particle,25,4,8,80,1280,6400,0,0,1.397428175672428,-0.4055388306077929,1.1838496741806748,0.6191173320995461,0,none,0.093891011,,2.7803194634779844,none
franken,25,4,8,80,1280,6400,0,0,1.1576802619015543,-0.4708927776234333,0.9192462216790339,0.7093268178459537,0,none,0.014535034,,2.7154189719422375,none
ideal,25,4,9,80,1280,6400,0,0,0.005440813738612957,0.003113214474254916,0.0013083863530809223,0.0010192129112771198,0,none,,,1.7470133629208346,none
particle,25,4,9,80,1280,6400,0,0,1.063302669405728,-0.5005930495916016,0.7850841832696221,0.7788115357277073,0,none,0.065217918,,2.6427362174045044,none
franken,25,4,9,80,1280,6400,0,0,0.9077863352089112,-0.45404588369506244,0.668261702991475,0.6935705159124985,0,none,0.017325501,,2.5422516399109156,none
ideal,25,4,10,80,1280,6400,0,0,0.0034634834774958457,0.0131309402055311,0.0008965131898840608,-0.010563969917919315,0,none,,,1.7191659704302473,none
particle,25,4,10,80,1280,6400,0,0,1.1197733156482272,-0.47806494582264847,0.8619359906021256,0.7359022708687502,0,none,0.078612614,,3.0683860369707876,none
franken,25,4,10,80,1280,6400,0,0,1.0664808709195275,-0.4682257653548817,0.8071756493607514,0.7275309869136577,0,none,0.012718931,,2.8445749207918287,none
finkel,25,4,2,80,1280,6400,1,157,0.243166488554173,0.39568757187557196,0.10755554346193288,-0.2600766267833318,3,bkf.SampleUniform,0.365510124,,1.8564842863392403,bkf.MhSampled
finkel,25,4,3,80,1280,6400,1,176,0.2783370346195997,0.3199236745464828,0.15919677041750677,-0.20078341034438985,3,bkf.SampleUniform,0.375277255,,2.0999649753068352,bkf.MhSampled
finkel,25,4,4,80,1280,6400,1,185,0.4280008592785001,0.5143295213538173,0.19918990883416757,-0.2855185709094847,3,bkf.SampleUniform,0.412909918,,1.748149416635167,bkf.MhSampled
finkel,25,4,5,80,1280,6400,1,162,0.3200370117995799,0.35337883870922787,0.21891284948219647,-0.2522546763918445,3,bkf.SampleUniform,0.45537858,,2.2782050299158505,bkf.MhSampled
finkel,25,4,6,80,1280,6400,1,128,0.21014811895737737,0.3184598675993575,0.11527914332857893,-0.22359089197055906,3,bkf.SampleUniform,0.652961649,,2.280435171470436,bkf.MhSampled
finkel,25,4,7,80,1280,6400,1,141,0.29409868224304797,0.5875303286911681,0.08318388531607665,-0.37661553176419676,3,bkf.SampleUniform,0.359907573,,1.1709096058351023,bkf.MhSampled
finkel,25,4,8,80,1280,6400,1,165,0.2890749171482086,0.4522880506468692,0.1399655553789982,-0.30317868887765875,3,bkf.SampleUniform,0.360219533,,1.846985537149342,bkf.MhSampled
finkel,25,4,9,80,1280,6400,1,155,0.30127521117337197,0.2705224136294408,0.16295058876002144,-0.13219779121609027,3,bkf.SampleUniform,0.496538168,,1.7736215694995576,bkf.MhSampled
finkel,25,4,10,80,1280,6400,1,156,0.18515859647143057,0.2686139826786504,0.07368329089016529,-0.1571386770973851,3,bkf.SampleUniform,0.411084765,,1.767516991619944,bkf.MhSampled
finkel,25,4,2,80,1280,6400,1,163,0.30939953687855704,0.5201644453953249,0.13690021712504202,-0.3476651256418098,9,bkf.SampleUniform,0.499703247,,1.8688309104979886,bkf.MhSampled
finkel,25,4,3,80,1280,6400,1,163,0.28579226201635655,0.3269958036062621,0.16547642517713135,-0.2066799667670369,9,bkf.SampleUniform,0.417291907,,2.1809799986057596,bkf.MhSampled
finkel,25,4,4,80,1280,6400,1,165,0.36793138574736484,0.4656884181696017,0.22329638492531403,-0.3210534173475509,9,bkf.SampleUniform,0.367231934,,1.7294308291631377,bkf.MhSampled
finkel,25,4,5,80,1280,6400,1,178,0.3964950525017711,0.4375155554274341,0.22486626278844946,-0.26588676571411246,9,bkf.SampleUniform,0.370845777,,2.528731771417288,bkf.MhSampled
finkel,25,4,6,80,1280,6400,1,158,0.2645735522404826,0.37697792694718396,0.12916014519492863,-0.24156451990163,9,bkf.SampleUniform,0.402001511,,2.4651201603731066,bkf.MhSampled
finkel,25,4,7,80,1280,6400,1,157,0.2136698533197928,0.19589269774138748,0.13427044498078314,-0.11649328940237778,9,bkf.SampleUniform,0.540876315,,1.3668357925402943,bkf.MhSampled
finkel,25,4,8,80,1280,6400,1,140,0.2509687925056615,0.4413865622947013,0.10622111968056987,-0.29663888946960965,9,bkf.SampleUniform,0.360560086,,1.8819808547081522,bkf.MhSampled
finkel,25,4,9,80,1280,6400,1,156,0.1986300736356256,0.2819254291874906,0.10742996277788944,-0.19072531832975445,9,bkf.SampleUniform,0.540294112,,1.657350101741745,bkf.MhSampled
finkel,25,4,10,80,1280,6400,1,143,0.17647703914442506,0.3370883836664786,0.04187282862889687,-0.20248417315095046,9,bkf.SampleUniform,0.662336377,,1.6943457734410647,bkf.MhSampled
finkel,25,4,2,80,1280,6400,70,61957,0.5042996296773863,1.152443977652371,0.10457691815784939,-0.7527212661328341,3,bkf.SampleUniform,1.066433696,,1.6728382278879121,bkf.MhSampled
finkel,25,4,3,80,1280,6400,70,69814,0.5940445108384371,1.3773733612559815,0.09075195422769125,-0.8740808046452356,3,bkf.SampleUniform,0.930149138,,2.0075671187667665,bkf.MhSampled
finkel,25,4,4,80,1280,6400,70,68304,0.6334408340010332,1.1856229282641007,0.20114505015695802,-0.7533271444200252,3,bkf.SampleUniform,0.768212512,,1.6479598392617103,bkf.MhSampled
finkel,25,4,5,80,1280,6400,70,71717,0.7760758488815723,1.578482240027727,0.1718524348928991,-0.9742588260390538,3,bkf.SampleUniform,0.746795282,,2.2162270618563022,bkf.MhSampled
finkel,25,4,6,80,1280,6400,70,71399,0.6038822715277777,1.2556101854104373,0.137034773908113,-0.7887626877907726,3,bkf.SampleUniform,0.788108575,,2.3316518656557164,bkf.MhSampled
finkel,25,4,7,80,1280,6400,70,69500,0.5634841769303045,1.327884785377822,0.10545559810209541,-0.869856206549613,3,bkf.SampleUniform,0.951604551,,0.9909029271198507,bkf.MhSampled
finkel,25,4,8,80,1280,6400,70,72377,0.5646085571223357,1.3918508174606035,0.09187085461032606,-0.919113114948594,3,bkf.SampleUniform,0.725902316,,1.6363972195932526,bkf.MhSampled
finkel,25,4,9,80,1280,6400,70,73729,0.6433952532296066,1.3578992923025446,0.10640120793062172,-0.8209052470035597,3,bkf.SampleUniform,0.833405029,,1.5383268594393948,bkf.MhSampled
finkel,25,4,10,80,1280,6400,70,74311,0.6991951205961418,1.5682308087703083,0.06711928684332165,-0.9361549750174881,3,bkf.SampleUniform,0.743932727,,1.5881292174622916,bkf.MhSampled
finkel,25,4,2,80,1280,6400,70,67788,0.45225427955611475,1.1631555379107414,0.09155562906400852,-0.8024568874186354,9,bkf.SampleUniform,0.953671709,,1.6480300509729886,bkf.MhSampled
finkel,25,4,3,80,1280,6400,70,75607,0.611579896138103,1.3808527795136394,0.1049081419720189,-0.874181025347555,9,bkf.SampleUniform,1.042653755,,2.212190983784068,bkf.MhSampled
finkel,25,4,4,80,1280,6400,70,72063,0.7167894326882868,1.3736837099254156,0.20369498674280298,-0.8605892639799315,9,bkf.SampleUniform,0.948670368,,1.6275383241456816,bkf.MhSampled
finkel,25,4,5,80,1280,6400,70,73677,0.6607866064116253,1.3828784768026574,0.18910661514727736,-0.9111984855383095,9,bkf.SampleUniform,1.077991346,,2.255912283615572,bkf.MhSampled
finkel,25,4,6,80,1280,6400,70,75070,0.7118241129285168,1.432952603704843,0.16605090098473788,-0.8871793917610642,9,bkf.SampleUniform,0.948342505,,2.415290359855446,bkf.MhSampled
finkel,25,4,7,80,1280,6400,70,72735,0.6335552114928055,1.3171323666278003,0.14586396823753875,-0.8294411233725336,9,bkf.SampleUniform,0.955024372,,1.0336774904014043,bkf.MhSampled
finkel,25,4,8,80,1280,6400,70,75611,0.65670514937447,1.56658847662339,0.06003424955436919,-0.9699175768032892,9,bkf.SampleUniform,1.247646664,,1.5420994843279345,bkf.MhSampled
finkel,25,4,9,80,1280,6400,70,74161,0.5121361228381752,1.2356404562891095,0.07719826215111568,-0.8007025956020499,9,bkf.SampleUniform,1.004742707,,1.4352054632594455,bkf.MhSampled
finkel,25,4,10,80,1280,6400,70,76750,0.6427801231533914,1.522732019763835,0.0777712310000489,-0.9577231276104924,9,bkf.SampleUniform,0.974749276,,1.5613120661768267,bkf.MhSampled
finkel,25,4,2,80,1280,6400,200,186378,0.49347949469006563,1.1898140910438888,0.08753185889932405,-0.783866455253147,3,bkf.SampleUniform,1.463673932,,1.6593409800109717,bkf.MhSampled
finkel,25,4,3,80,1280,6400,200,220964,0.6157589082908905,1.4063441771744936,0.10615075313598044,-0.8967360220195835,3,bkf.SampleUniform,1.474405164,,2.1577830424727233,bkf.MhSampled
finkel,25,4,4,80,1280,6400,200,202163,0.7313893255070634,1.359648417230769,0.20653592840294913,-0.834795020126655,3,bkf.SampleUniform,1.438440477,,1.6506432657098102,bkf.MhSampled
finkel,25,4,5,80,1280,6400,200,217609,0.6939919427577522,1.4014996744110146,0.18100901347417298,-0.8885167451274356,3,bkf.SampleUniform,1.454502071,,2.1821486646875465,bkf.MhSampled
finkel,25,4,6,80,1280,6400,200,227322,0.6922764327465265,1.524253379723148,0.11353671531998458,-0.945513662296606,3,bkf.SampleUniform,1.459596428,,2.329211102755824,bkf.MhSampled
finkel,25,4,7,80,1280,6400,200,219851,0.5435503025090778,1.252756955227499,0.10937262284533382,-0.8185792755637551,3,bkf.SampleUniform,1.474153686,,0.9584311629332941,bkf.MhSampled
finkel,25,4,8,80,1280,6400,200,231651,0.6748098854659993,1.572023971936909,0.05639639768786154,-0.9536104841587711,3,bkf.SampleUniform,1.532950803,,1.4890173266202271,bkf.MhSampled
finkel,25,4,9,80,1280,6400,200,228115,0.47051090351921876,1.1938658761583385,0.06495256692632917,-0.7883075395654489,3,bkf.SampleUniform,1.744689852,,1.4599838571008348,bkf.MhSampled
finkel,25,4,10,80,1280,6400,200,233878,0.59698381012053,1.4929826562167139,0.05970328374410338,-0.9557021298402872,3,bkf.SampleUniform,1.489598782,,1.6315222789814474,bkf.MhSampled
finkel,25,4,2,80,1280,6400,200,216079,0.4704710672951261,1.0545735824319717,0.13616856124987636,-0.720271076386722,9,bkf.SampleUniform,2.066459031,,1.687803780812746,bkf.MhSampled
finkel,25,4,3,80,1280,6400,200,230532,0.620975734546801,1.3380133965834096,0.09904939791694757,-0.8160870599535563,9,bkf.SampleUniform,2.044481426,,2.0874911363876825,bkf.MhSampled
finkel,25,4,4,80,1280,6400,200,224252,0.717715758285171,1.4936021468971261,0.13860877604904565,-0.9144951646610006,9,bkf.SampleUniform,2.050693276,,1.5315072332742024,bkf.MhSampled
finkel,25,4,5,80,1280,6400,200,232912,0.6887250270684923,1.4100713059905967,0.13512176875821705,-0.8564680476803216,9,bkf.SampleUniform,2.074315925,,2.2142316022660533,bkf.MhSampled
finkel,25,4,6,80,1280,6400,200,245543,0.8016574335352458,1.783261796589096,0.0750260592379596,-1.05663042229181,9,bkf.SampleUniform,2.192037793,,2.2347475462582485,bkf.MhSampled
finkel,25,4,7,80,1280,6400,200,233143,0.6538583957230717,1.5085775762420128,0.08934583358413069,-0.9440650141030721,9,bkf.SampleUniform,2.04380465,,0.971441942813384,bkf.MhSampled
finkel,25,4,8,80,1280,6400,200,241844,0.6183468693263953,1.4145191354742566,0.1046170133107265,-0.9007892794585877,9,bkf.SampleUniform,2.060694169,,1.5766443719010945,bkf.MhSampled
finkel,25,4,9,80,1280,6400,200,238468,0.49407054645022763,1.202991127135879,0.08514379959248033,-0.7940643802781321,9,bkf.SampleUniform,2.050017771,,1.4843599772392775,bkf.MhSampled
finkel,25,4,10,80,1280,6400,200,242302,0.5032159748125284,1.2646273372000758,0.06186637914851012,-0.8232777415360574,9,bkf.SampleUniform,2.245635827,,1.6147165179312775,bkf.MhSampled
ideal,25,1,1,300,18000,90000,0,0,0.004949218607310861,0.010827714454788168,0.0009923417841653341,-0.00687083763164264,0,none,,,1.7138815912574152,none
particle,25,1,1,300,18000,90000,0,0,5809355712621897e-20,0.00045312804873604007,22506875803770815e-21,-0.00041754136741359174,0,none,,,1.7056292357627707,none
franken,25,1,1,300,18000,90000,0,0,0.00030006759114088537,-0.0022091713324902673,0.00015807076377207842,0.002351168159859074,0,none,,,1.7043121815469318,none
ideal,25,1,2,300,18000,90000,0,0,0.004293551622134515,0.012455699309498691,0.0012420919339492778,-0.009404239621313454,0,none,,,1.4266154495123335,none
particle,25,1,2,300,18000,90000,0,0,1.654572287255967,-0.5841777220280366,1.37371494865243,0.8650350606315738,0,none,7.181389439,,2.723446724096379,none
franken,25,1,2,300,18000,90000,0,0,1.6750698899380965,-0.5831376738545068,1.3931653004137035,0.8650422633788998,0,none,1.359022202,,2.732259276639669,none
ideal,25,1,3,300,18000,90000,0,0,0.004965354814744203,0.005673213715347708,0.001647826701274875,-0.0023556856018783824,0,none,,,1.9229660869291565,none
particle,25,1,3,300,18000,90000,0,0,1.423404590409498,-0.4740240110494506,1.1839724012318211,0.7134562002271276,0,none,7.882956483,,3.5845702968708313,none
franken,25,1,3,300,18000,90000,0,0,1.501372482818724,-0.4871617190901857,1.2494834884147543,0.7390507134941554,0,none,1.360696224,,3.538477895685028,none
ideal,25,1,4,300,18000,90000,0,0,0.0035716460077904817,-0.01822830872332548,0.0008218678140280415,0.02097808691708792,0,none,,,1.9662616254034153,none
particle,25,1,4,300,18000,90000,0,0,0.7551082153660287,-0.46817335757248574,0.5131056579977338,0.7101759149407806,0,none,7.495453239,,2.9093993648963576,none
franken,25,1,4,300,18000,90000,0,0,0.7635906282085148,-0.4676998757222049,0.5154351616131536,0.7158553423175661,0,none,1.353939785,,2.880343216784611,none
ideal,25,1,5,300,18000,90000,0,0,0.0044736064896085965,-0.01726468377087792,0.0015090013917614053,0.02022928886872511,0,none,,,2.4609133489885404,none
particle,25,1,5,300,18000,90000,0,0,0.8311116224541809,-0.4583525481531111,0.5893601898832421,0.7001039807240499,0,none,6.88704404,,3.5774933829433717,none
franken,25,1,5,300,18000,90000,0,0,0.8669443637698034,-0.4675725036964945,0.6184371539789336,0.7160797134873643,0,none,1.321920696,,3.622100958116621,none
ideal,25,1,6,300,18000,90000,0,0,0.004594812050646873,0.011766041650003806,0.0013201488541483173,-0.00849137845350525,0,none,,,2.121850296538354,none
particle,25,1,6,300,18000,90000,0,0,0.997396258929255,-0.44378713551482823,0.7597941448849695,0.6813892495591136,0,none,6.60843818,,2.458334392164693,none
franken,25,1,6,300,18000,90000,0,0,1.0177132976382743,-0.4658468100919424,0.7698556875337669,0.7137044201964501,0,none,1.425926971,,2.5523973400890805,none
ideal,25,1,7,300,18000,90000,0,0,0.004891167179759974,0.029054653424320648,0.0012137551656593909,-0.025377241410220068,0,none,,,1.7885663057755454,none
particle,25,1,7,300,18000,90000,0,0,1.343465236767785,-0.4644589137640133,1.0948205444701462,0.7131036060616525,0,none,6.703403542,,2.45089957201005,none
franken,25,1,7,300,18000,90000,0,0,1.3501088958771672,-0.4678950999081818,1.1027523475699643,0.7152516482153849,0,none,1.381999049,,2.4902551184331863,none
ideal,25,1,8,300,18000,90000,0,0,0.004006979756813978,-0.008191876606219783,0.0010387188458736616,0.011160137517160098,0,none,,,1.3881923291971079,none
particle,25,1,8,300,18000,90000,0,0,1.6209765016448057,-0.45652446301381816,1.374434108161597,0.7030668564970272,0,none,7.381783415,,2.643176093904567,none
franken,25,1,8,300,18000,90000,0,0,1.6887082399350322,-0.4673269376042809,1.4413470364999574,0.7146881410393552,0,none,1.356709351,,2.676862316674247,none
ideal,25,1,9,300,18000,90000,0,0,0.004996128727923767,-0.020151110813507678,0.0009292876924844576,0.024217951848946987,0,none,,,1.5012751535303566,none
particle,25,1,9,300,18000,90000,0,0,2.1724884055984246,-0.4360549420696358,1.948188751255154,0.6603545964129071,0,none,5.86126129,,3.388092014969787,none
franken,25,1,9,300,18000,90000,0,0,1.7068428046632185,-0.47382404168630726,1.455784805935719,0.7248820404138067,0,none,1.436099609,,3.111551574073166,none
ideal,25,1,10,300,18000,90000,0,0,0.0033032388133115336,0.03137054590449198,0.0007020667370271187,-0.028769373828207562,0,none,,,1.8463578708148896,none
particle,25,1,10,300,18000,90000,0,0,0.996337355872867,-0.46159292563477494,0.7469905569388304,0.7109397245688115,0,none,7.186419893,,2.728273734191829,none
franken,25,1,10,300,18000,90000,0,0,1.1514947981127943,-0.46499300688272294,0.9054902235028012,0.7109975814927163,0,none,1.351544804,,2.656276861355808,none
finkel,25,1,2,300,18000,90000,1,185,0.09544827642582697,0.019796504531796655,0.06042516964658588,0.01522660224744445,3,bkf.SampleUniform,5.647687202,,1.5446075324230901,bkf.MhSampled
finkel,25,1,3,300,18000,90000,1,175,0.13041876258387208,0.09728943929814493,0.08258599706415037,-0.049456673778423214,3,bkf.SampleUniform,5.622037741,,2.207399532731385,bkf.MhSampled
finkel,25,1,4,300,18000,90000,1,166,0.11747486292020143,0.06382072061065644,0.07298434743046538,-0.019330205120920402,3,bkf.SampleUniform,5.604103366,,2.2546049040978478,bkf.MhSampled
finkel,25,1,5,300,18000,90000,1,159,0.14398770991009666,0.01504130833185055,0.10406884670819319,0.0248775548700529,3,bkf.SampleUniform,5.86957215,,2.7477505431728555,bkf.MhSampled
finkel,25,1,6,300,18000,90000,1,181,0.10706370930020213,0.026490085821474413,0.06318427444208209,0.017389349036645647,3,bkf.SampleUniform,5.868327594,,2.0650658858857165,bkf.MhSampled
finkel,25,1,7,300,18000,90000,1,172,0.2367038723735978,-0.017350476192790953,0.19792165373356424,0.05613269483282457,3,bkf.SampleUniform,6.167386487,,1.6252010610755905,bkf.MhSampled
finkel,25,1,8,300,18000,90000,1,232,0.09837012950689362,0.021205037449454872,0.054555989469558495,0.022609102587880257,3,bkf.SampleUniform,6.689800951,,1.3708831945819981,bkf.MhSampled
finkel,25,1,9,300,18000,90000,1,198,0.19206941241958086,-0.003943706521534668,0.1570311243844815,0.03898199455663405,3,bkf.SampleUniform,5.852970714,,1.6442377190260644,bkf.MhSampled
finkel,25,1,10,300,18000,90000,1,160,0.15060972508025416,0.06761298371875565,0.10439957703173282,-0.021402835670234266,3,bkf.SampleUniform,5.435326688,,1.9275877766782166,bkf.MhSampled
finkel,25,1,2,300,18000,90000,1,167,0.10646587157195458,0.040718103528846306,0.06511329167927386,0.0006344763638344002,9,bkf.SampleUniform,6.678661403,,1.6030512058293205,bkf.MhSampled
finkel,25,1,3,300,18000,90000,1,190,0.1334187306644813,0.05229765162243838,0.0920980697361995,-0.010976990694156613,9,bkf.SampleUniform,5.990145746,,2.2628290006100285,bkf.MhSampled
finkel,25,1,4,300,18000,90000,1,141,0.12797995078627353,-0.02183411165413124,0.07897177000300382,0.07084229243740094,9,bkf.SampleUniform,5.240102788,,2.3311014009315647,bkf.MhSampled
finkel,25,1,5,300,18000,90000,1,162,0.1477886548922238,0.01881077602428713,0.1121264669925186,0.016851411875418047,9,bkf.SampleUniform,5.477390945,,2.739904964741979,bkf.MhSampled
finkel,25,1,6,300,18000,90000,1,170,0.12129272966958692,0.062282490101943394,0.07341977995393859,-0.014409540386295062,9,bkf.SampleUniform,5.020353261,,2.0742255317111593,bkf.MhSampled
finkel,25,1,7,300,18000,90000,1,163,0.2191835734113614,0.1505359329037958,0.14897940698330359,-0.080331766475738,9,bkf.SampleUniform,4.601139125,,1.6219978064704057,bkf.MhSampled
finkel,25,1,8,300,18000,90000,1,202,0.13563919773286334,-0.014010354700978722,0.08978483584570734,0.059864716588134734,9,bkf.SampleUniform,5.559522302,,1.4398336747953115,bkf.MhSampled
finkel,25,1,9,300,18000,90000,1,192,0.2543588586972222,0.0840328955871702,0.1896477465725902,-0.01932178346253821,9,bkf.SampleUniform,5.221122339,,1.6826542499243213,bkf.MhSampled
finkel,25,1,10,300,18000,90000,1,143,0.13406133940802056,0.10835016220418203,0.09489847000598672,-0.06918729280214818,9,bkf.SampleUniform,4.94916248,,1.9128031258040394,bkf.MhSampled
finkel,25,1,2,300,18000,90000,70,164682,0.2760641472913432,0.8216313714244706,0.06998774904946813,-0.6155549731825956,3,bkf.SampleUniform,7.057152403,,1.3600983878387254,bkf.MhSampled
finkel,25,1,3,300,18000,90000,70,185723,0.44043101544944346,1.1595472952588672,0.0833229548667403,-0.8024392346761643,3,bkf.SampleUniform,6.916039046,,2.158880925807423,bkf.MhSampled
finkel,25,1,4,300,18000,90000,70,192056,0.426959203795502,1.166379695287346,0.05835270128630585,-0.7977731927781498,3,bkf.SampleUniform,6.683902513,,1.9983017079947785,bkf.MhSampled
finkel,25,1,5,300,18000,90000,70,187243,0.4876531814993754,1.2711502846356832,0.07139363335248843,-0.8548907364887962,3,bkf.SampleUniform,7.318063624,,2.4606382446542017,bkf.MhSampled
finkel,25,1,6,300,18000,90000,70,191674,0.49443398877926464,1.2730779904572849,0.07048129055441117,-0.8491252922324315,3,bkf.SampleUniform,7.627801725,,1.6268964479323065,bkf.MhSampled
finkel,25,1,7,300,18000,90000,70,187165,0.5004080225763682,1.176923205527285,0.12269114333268322,-0.7992063262835999,3,bkf.SampleUniform,7.094061555,,1.3450649003413564,bkf.MhSampled
finkel,25,1,8,300,18000,90000,70,188737,0.5059902063261079,1.35570669402043,0.06377784626045012,-0.9134943339547722,3,bkf.SampleUniform,6.759577614,,1.1169500443076958,bkf.MhSampled
finkel,25,1,9,300,18000,90000,70,187921,0.48150864412190114,1.1904740849183586,0.09832564272866143,-0.8072910835251188,3,bkf.SampleUniform,7.409826854,,1.4624777574476269,bkf.MhSampled
finkel,25,1,10,300,18000,90000,70,191954,0.44573998684439653,1.1674741409881342,0.08250499745868183,-0.8042391516024197,3,bkf.SampleUniform,7.832804803,,1.668369684044393,bkf.MhSampled
finkel,25,1,2,300,18000,90000,70,187180,0.27669949677148026,0.8277369792707043,0.07315002493161774,-0.6241875074308418,9,bkf.SampleUniform,8.789903452,,1.3968888392533876,bkf.MhSampled
finkel,25,1,3,300,18000,90000,70,197964,0.47537591209856,1.26555573215382,0.07189821589187825,-0.8620780359471384,9,bkf.SampleUniform,8.402946105,,2.132951886331332,bkf.MhSampled
finkel,25,1,4,300,18000,90000,70,196067,0.44249304657724564,1.2059488924584572,0.06553970880958021,-0.8289955546907919,9,bkf.SampleUniform,8.391648109,,1.9957174283328585,bkf.MhSampled
finkel,25,1,5,300,18000,90000,70,196562,0.422099063483734,1.1345439066954368,0.08389875366446244,-0.7963435968761654,9,bkf.SampleUniform,8.092348401,,2.5405751348377983,bkf.MhSampled
finkel,25,1,6,300,18000,90000,70,199261,0.42217752179231627,1.1489448508485776,0.07512388538545049,-0.8018912144417116,9,bkf.SampleUniform,9.15602071,,1.7179324897852053,bkf.MhSampled
finkel,25,1,7,300,18000,90000,70,193730,0.5004821923087467,1.2395385470662994,0.10421703524720884,-0.8432733900047615,9,bkf.SampleUniform,8.376656315,,1.3636378870169912,bkf.MhSampled
finkel,25,1,8,300,18000,90000,70,200110,0.5106234273165449,1.327233554279033,0.07387702260397312,-0.8904871495664611,9,bkf.SampleUniform,8.70485229,,1.1423983451360844,bkf.MhSampled
finkel,25,1,9,300,18000,90000,70,200103,0.5436428611352293,1.3338099880419645,0.08694793957184987,-0.877115066478585,9,bkf.SampleUniform,9.111965761,,1.3948181829710307,bkf.MhSampled
finkel,25,1,10,300,18000,90000,70,202481,0.46517173555834784,1.201649803788381,0.07715534723376355,-0.8136334154637966,9,bkf.SampleUniform,8.648967325,,1.6553069860099061,bkf.MhSampled
ideal,25,2,1,300,18000,90000,0,0,0.0046971420418911525,-0.020651417792552862,0.0012559066743114084,0.024092653160132607,0,none,,,2.026038753093424,none
particle,25,2,1,300,18000,90000,0,0,45830125627982396e-21,-0.0016441413902854585,1375455582739968e-20,0.0016762169600860414,0,none,,,1.9908851372550433,none
franken,25,2,1,300,18000,90000,0,0,0.00019865081055321407,-0.0008427585412672245,7272519443114452e-20,0.0009686841573892941,0,none,,,1.98820553354835,none
ideal,25,2,2,300,18000,90000,0,0,0.004582104847154865,0.00512888351421395,0.001125364582801541,-0.0016721432498606244,0,none,,,2.2658318374611164,none
particle,25,2,2,300,18000,90000,0,0,2.2511852675173882,-0.5848650616076371,1.96921278535437,0.8668375437706554,0,none,6.993627025,,3.288768798622317,none
franken,25,2,2,300,18000,90000,0,0,2.2437941288278886,-0.5835850918291182,1.9615101139843185,0.8658691066726881,0,none,1.402502631,,3.279965559780152,none
ideal,25,2,3,300,18000,90000,0,0,0.004105194720961895,0.0194772454493142,0.0012681556118689888,-0.016640206340221293,0,none,,,1.6559286476225448,none
particle,25,2,3,300,18000,90000,0,0,1.6075789085056824,-0.4516114964914644,1.3515592264826704,0.7076311785144765,0,none,6.578495711,,2.6561953175150843,none
franken,25,2,3,300,18000,90000,0,0,1.6123981887605057,-0.48299679508627735,1.3641674655362768,0.7312275183105059,0,none,1.299167041,,2.664756138128594,none
ideal,25,2,4,300,18000,90000,0,0,0.0027611438812005507,-0.029087119363672642,0.0005050831139983167,0.03134318013087488,0,none,,,1.3634899235069688,none
particle,25,2,4,300,18000,90000,0,0,1.5811981498453171,-0.46809617331651526,1.332359187070914,0.7169351360909182,0,none,5.890590236,,2.302649574907148,none
franken,25,2,4,300,18000,90000,0,0,1.6376030938333652,-0.47105638584269705,1.3895974001165352,0.7190620795595267,0,none,1.356882478,,2.3034339971415307,none
ideal,25,2,5,300,18000,90000,0,0,0.004621335698044132,0.015369644615932876,0.0014736995391108664,-0.012222008456999608,0,none,,,1.3327064416637453,none
particle,25,2,5,300,18000,90000,0,0,1.8039812870180638,-0.490625974496297,1.5433699332679005,0.7512373282464601,0,none,7.869702962,,2.5644223576975764,none
franken,25,2,5,300,18000,90000,0,0,1.5882276755795504,-0.47704871149259764,1.3371198275757064,0.7281565594964418,0,none,1.396374153,,2.44963957106824,none
ideal,25,2,6,300,18000,90000,0,0,0.005682458148349263,-0.005224132971244688,0.001968430199105631,0.00893816092048832,0,none,,,1.12988577253233,none
particle,25,2,6,300,18000,90000,0,0,0.8496039174544734,-0.3644491295412472,0.641436529204056,0.5726165177916646,0,none,8.211371061,,1.6667551916814205,none
franken,25,2,6,300,18000,90000,0,0,0.9932742473126596,-0.4674545019480404,0.7469563413736608,0.7137724078870389,0,none,1.377855264,,1.7878195787720534,none
ideal,25,2,7,300,18000,90000,0,0,0.004597277969544911,-0.01576805798386327,0.0009787858125513776,0.019386550140856804,0,none,,,1.502781727962717,none
particle,25,2,7,300,18000,90000,0,0,0.9137131034787195,-0.4468149442093505,0.6745128616094683,0.6860151860786016,0,none,6.185209362,,2.087469169161868,none
franken,25,2,7,300,18000,90000,0,0,0.9887442523782917,-0.4706715792317807,0.7378208165536498,0.7215950150564223,0,none,1.451168148,,2.1382375302870096,none
ideal,25,2,8,300,18000,90000,0,0,0.003299127796951605,0.001828162361859842,0.0009048600689778772,0.0005661053661138876,0,none,,,1.8152431507619793,none
particle,25,2,8,300,18000,90000,0,0,1.6573873731884046,-0.46554777798146807,1.4104474484720209,0.712487702697852,0,none,7.887705062,,3.0552294366276365,none
franken,25,2,8,300,18000,90000,0,0,1.7179111771134785,-0.47150871815405526,1.470293551177516,0.7191263440900182,0,none,1.272109099,,3.13014402186794,none
ideal,25,2,9,300,18000,90000,0,0,0.003977575337117887,0.022041238756896564,0.0008268127369217839,-0.01889047615670046,0,none,,,1.7132695389503418,none
particle,25,2,9,300,18000,90000,0,0,1.5162417345514945,-0.4745899184385377,1.258879414770099,0.7319522382199333,0,none,8.316538813,,2.863836510975624,none
franken,25,2,9,300,18000,90000,0,0,1.4113241408366617,-0.46198475378078635,1.1645988186819853,0.7087100759354625,0,none,1.341997401,,2.823887751606151,none
ideal,25,2,10,300,18000,90000,0,0,0.006076794863270363,-0.008774369303087143,0.0021089707356917076,0.012742193430665797,0,none,,,1.704491010577723,none
particle,25,2,10,300,18000,90000,0,0,1.4164354913238093,-0.4761432664199118,1.155511522854034,0.7370672348896873,0,none,6.440921411,,2.3393288931409097,none
franken,25,2,10,300,18000,90000,0,0,1.4004291125824027,-0.46719406817711157,1.1523910935316874,0.715232087227827,0,none,1.379751572,,2.326361249715249,none
finkel,25,2,2,300,18000,90000,1,202,0.16697822353910263,0.04255362512346236,0.11049073567722488,0.013933862738415351,3,bkf.SampleUniform,5.047204502,,2.4123170122136655,bkf.MhSampled
finkel,25,2,3,300,18000,90000,1,195,0.13946306295621438,0.08111548169833191,0.09657741417503116,-0.03822983291714868,3,bkf.SampleUniform,5.166073872,,1.7605673766644743,bkf.MhSampled
finkel,25,2,4,300,18000,90000,1,179,0.1264525489803096,0.08045632900283262,0.09070150914109068,-0.04470528916361371,3,bkf.SampleUniform,4.714692588,,1.4599566167674762,bkf.MhSampled
finkel,25,2,5,300,18000,90000,1,189,0.19063803767542523,0.1077560448290091,0.14290292143044328,-0.06002092858402719,3,bkf.SampleUniform,5.074555746,,1.3354214035065424,bkf.MhSampled
finkel,25,2,6,300,18000,90000,1,193,0.21347520526031177,0.10989632109446831,0.17002609043763045,-0.06644720627178703,3,bkf.SampleUniform,5.056070708,,1.076184332742554,bkf.MhSampled
finkel,25,2,7,300,18000,90000,1,170,0.1759838679849285,0.037326597686769214,0.13371181984409014,0.004945450454069165,3,bkf.SampleUniform,4.831392913,,1.6649663613849934,bkf.MhSampled
finkel,25,2,8,300,18000,90000,1,166,0.23900646841461182,0.08736431246601908,0.20221890668645717,-0.05057675073786442,3,bkf.SampleUniform,5.329878643,,2.062437082481151,bkf.MhSampled
finkel,25,2,9,300,18000,90000,1,165,0.23832717771941694,0.03583040859861891,0.2007936740669806,0.0017030950538174487,3,bkf.SampleUniform,4.811730356,,1.8550101131665035,bkf.MhSampled
finkel,25,2,10,300,18000,90000,1,164,0.2244893630352174,0.01243824710733285,0.18485123084413527,0.02719988508374933,3,bkf.SampleUniform,5.119190589,,1.7084659758718697,bkf.MhSampled
finkel,25,2,2,300,18000,90000,1,161,0.17509016267956057,0.13036071047810877,0.08888197943396148,-0.044152527232509675,9,bkf.SampleUniform,5.029566466,,2.367293956676175,bkf.MhSampled
finkel,25,2,3,300,18000,90000,1,169,0.1990256999461459,0.07022564615354199,0.15022440895872907,-0.0214243551661251,9,bkf.SampleUniform,5.5220504,,1.858761737232011,bkf.MhSampled
finkel,25,2,4,300,18000,90000,1,179,0.19372798148565995,0.06169576049105538,0.14555608767673076,-0.013523866682126169,9,bkf.SampleUniform,5.139444462,,1.5406046214599316,bkf.MhSampled
finkel,25,2,5,300,18000,90000,1,211,0.21433781081588918,0.11258290455658398,0.16461730834464575,-0.06286240208534052,9,bkf.SampleUniform,5.092776122,,1.29701685118384,bkf.MhSampled
finkel,25,2,6,300,18000,90000,1,175,0.24882275144248647,0.054399901336787515,0.20623792415109957,-0.011815074045400569,9,bkf.SampleUniform,5.256700284,,1.1092305264588211,bkf.MhSampled
finkel,25,2,7,300,18000,90000,1,171,0.1892064658699472,0.06748368236075167,0.14748484550122926,-0.025762061992033677,9,bkf.SampleUniform,5.035452703,,1.6665829076679939,bkf.MhSampled
finkel,25,2,8,300,18000,90000,1,172,0.24108810350069443,0.10515657221284258,0.1948164511597852,-0.05888491987193335,9,bkf.SampleUniform,5.169396861,,2.109859682939509,bkf.MhSampled
finkel,25,2,9,300,18000,90000,1,154,0.24947160331853582,0.04389419006865006,0.20995902036407252,-0.004381607114186727,9,bkf.SampleUniform,5.627918958,,1.85189515187399,bkf.MhSampled
finkel,25,2,10,300,18000,90000,1,170,0.2536196000625091,0.025225014662711515,0.21336065702596352,0.015033928373834125,9,bkf.SampleUniform,5.167419309,,1.711113476120338,bkf.MhSampled
finkel,25,2,2,300,18000,90000,70,163818,0.3134317355471178,0.8810336815756306,0.07756470896787088,-0.6451666549963837,3,bkf.SampleUniform,7.339006827,,2.041764298380885,bkf.MhSampled
finkel,25,2,3,300,18000,90000,70,185109,0.48504019094341966,1.182693898003106,0.10071676101277086,-0.7983704680724572,3,bkf.SampleUniform,7.060498455,,1.495960823327419,bkf.MhSampled
finkel,25,2,4,300,18000,90000,70,190537,0.4853413108195992,1.2179230316951184,0.09218557621642298,-0.8247672970919422,3,bkf.SampleUniform,6.702016851,,1.1297254456908434,bkf.MhSampled
finkel,25,2,5,300,18000,90000,70,187845,0.5362578025367035,1.3069330557521948,0.10041832087531637,-0.8710935740908077,3,bkf.SampleUniform,7.066603535,,1.0422096107754533,bkf.MhSampled
finkel,25,2,6,300,18000,90000,70,188374,0.4936006745317304,1.2446775726530166,0.11005242054548667,-0.8611293186667729,3,bkf.SampleUniform,7.159805477,,0.809499245236775,bkf.MhSampled
finkel,25,2,7,300,18000,90000,70,188883,0.44568191871201296,1.1809185938195927,0.07615100357094122,-0.8113876786785211,3,bkf.SampleUniform,7.003065661,,1.2830232920979179,bkf.MhSampled
finkel,25,2,8,300,18000,90000,70,189198,0.5511270581930233,1.2573819490257243,0.1360245702356938,-0.8422794610683946,3,bkf.SampleUniform,8.490673371,,1.8036671317385538,bkf.MhSampled
finkel,25,2,9,300,18000,90000,70,188422,0.5342979732748581,1.25652409472522,0.13829408143261304,-0.8605202028829753,3,bkf.SampleUniform,7.097969221,,1.5937893470888498,bkf.MhSampled
finkel,25,2,10,300,18000,90000,70,189482,0.5560200075980133,1.312723172562904,0.12241840447560715,-0.8791215694404979,3,bkf.SampleUniform,7.467196107,,1.2853381254612741,bkf.MhSampled
finkel,25,2,2,300,18000,90000,70,189565,0.3233952357065316,0.8897676214189802,0.09268589209745992,-0.6590582778099086,9,bkf.SampleUniform,8.732334552,,2.1038169335322285,bkf.MhSampled
finkel,25,2,3,300,18000,90000,70,196307,0.5096707243079288,1.2704131166876713,0.09777605913104466,-0.8585184515107872,9,bkf.SampleUniform,8.239839926,,1.4812524986179112,bkf.MhSampled
finkel,25,2,4,300,18000,90000,70,204060,0.5278083771115667,1.338213007929749,0.08229292360111748,-0.8926975544192995,9,bkf.SampleUniform,8.229720238,,1.1485756050620177,bkf.MhSampled
finkel,25,2,5,300,18000,90000,70,197429,0.5358345860438612,1.2915599666108764,0.11102636508551808,-0.8667517456525334,9,bkf.SampleUniform,8.053711454,,1.0656713927349932,bkf.MhSampled
finkel,25,2,6,300,18000,90000,70,199505,0.5130075198197833,1.1835148486462885,0.14196526634780376,-0.8124725951743089,9,bkf.SampleUniform,8.609304147,,0.8098797680209198,bkf.MhSampled
finkel,25,2,7,300,18000,90000,70,201102,0.46588589870915276,1.1672546582062913,0.09774622234276417,-0.7991149818399028,9,bkf.SampleUniform,7.847799948,,1.304694341407495,bkf.MhSampled
finkel,25,2,8,300,18000,90000,70,198589,0.519127137939547,1.2188932513501998,0.14152584322918743,-0.8412919566398404,9,bkf.SampleUniform,8.24093736,,1.8085841757022225,bkf.MhSampled
finkel,25,2,9,300,18000,90000,70,197491,0.5833530735488521,1.317633612451543,0.15989063644077756,-0.8941711753434685,9,bkf.SampleUniform,8.898042357,,1.618248108123065,bkf.MhSampled
finkel,25,2,10,300,18000,90000,70,198288,0.5218862024440377,1.2541152513658353,0.1196356137503923,-0.85186466267219,9,bkf.SampleUniform,8.372651867,,1.298013069301548,bkf.MhSampled
