model,mod,M,MEquiv,sampType,mhType,hpl,r,nIter,useForward,overlap,isFuzzed,rejuv,version,dimension,rep,startTime,step,checksum,putime,samptime,nIterUsed,truthtp,obstp,truthpercent,obspercent,truthpercentstay,obspercentluck,truthpercentbadluck,obspercentstay,d01,d02,d03,d04,d05,d06,d07,d08,d09,d10,d11,d12,d13,d14,d15,d16,d17,d18,d19,d20,v0101,v0202,v0303,v0404,v0505,v0606,v0707,v0808,v0909,v1010,v1111,v1212,v1313,v1414,v1515,v1616,v1717,v1818,v1919,v2020,v0102,v0203,v0304,v0405,v0506,v0607,v0708,v0809,v0910,v1011,v1112,v1213,v1314,v1415,v1516,v1617,v1718,v1819,v1920,v0103,v0204,v0305,v0406,v0507,v0608,v0709,v0810,v0911,v1012,v1113,v1214,v1315,v1416,v1517,v1618,v1719,v1820,t01,t02,t03,t04,t05,t06,t07,t08,t09,t10,t11,t12,t13,t14,t15,t16,t17,t18,t19,t20,o01,o02,o03,o04,o05,o06,o07,o08,o09,o10,o11,o12,o13,o14,o15,o16,o17,o18,o19,o20
Finkelstein PF,finkel,25,25,bkf.SampleUniform,bkf.MhSampled,30,1,100,1.0,4.0,bkf.FuzzFinkelParticles,0.125,1.7,20,1,2019-01-29T13:20:57.045,1,4.1651540839368115,5.656155906,0,30,5.643848990579472,6.97582097368686,0.6,0.45,0.6,0.45,0.4,0.55
Finkelstein PF,finkel,25,25,bkf.SampleUniform,bkf.MhSampled,30,1,100,1.0,4.0,bkf.FuzzFinkelParticles,0.125,1.7,20,1,2019-01-29T13:20:57.045,1,4.1651540839368115,0.738581534,0,150,42.81171906413694,45.5161759394063,0.5,0.4,0.5,0.4,0.5,0.6
Finkelstein PF,finkel,25,25,bkf.SampleUniform,bkf.MhSampled,30,1,100,1.0,4.0,bkf.FuzzFinkelParticles,0.125,1.7,20,1,2019-01-29T13:20:57.045,1,4.1651540839368115,1.057631296,0,500,162.22346608677518,164.60588067064617,0.5,0.75,0.5,0.75,0.5,0.25
Finkelstein PF,finkel,25,25,bkf.SampleUniform,bkf.MhSampled,10,1,100,1.0,4.0,bkf.FuzzFinkelParticles,0.125,1.7,20,1,2019-01-29T13:20:57.045,1,4.1651540839368115,0.333194292,0,30,5.125575651937595,5.39747721510943,0.55,0.15,0.55,0.15,0.45,0.85
Finkelstein PF,finkel,25,25,bkf.SampleUniform,bkf.MhSampled,10,1,100,1.0,4.0,bkf.FuzzFinkelParticles,0.125,1.7,20,1,2019-01-29T13:20:57.045,1,4.1651540839368115,0.391080943,0,150,35.96422751762628,28.932484299873853,0.5,0.3,0.5,0.3,0.5,0.7
Finkelstein PF,finkel,25,25,bkf.SampleUniform,bkf.MhSampled,10,1,100,1.0,4.0,bkf.FuzzFinkelParticles,0.125,1.7,20,1,2019-01-29T13:20:57.045,1,4.1651540839368115,0.655128525,0,500,130.4750144210741,131.44082581097206,0.35,0.35,0.35,0.35,0.65,0.65
Finkelstein PF,finkel,25,25,bkf.SampleLog,bkf.MhSampled,30,1,100,1.0,4.0,bkf.FuzzFinkelParticles,0.125,1.7,20,1,2019-01-29T13:20:57.045,1,4.1651540839368115,2.028351201,0,30,6.464628141245214,6.437537067366764,0.5,0.1,0.5,0.1,0.5,0.9
Finkelstein PF,finkel,25,25,bkf.SampleLog,bkf.MhSampled,30,1,100,1.0,4.0,bkf.FuzzFinkelParticles,0.125,1.7,20,1,2019-01-29T13:20:57.045,1,4.1651540839368115,0.565210812,0,150,45.459344594177466,36.16436060690982,0.3,0.25,0.3,0.25,0.7,0.75
Finkelstein PF,finkel,25,25,bkf.SampleLog,bkf.MhSampled,30,1,100,1.0,4.0,bkf.FuzzFinkelParticles,0.125,1.7,20,1,2019-01-29T13:20:57.045,1,4.1651540839368115,0.679908939,0,500,154.70591892969762,159.14367605471995,0.4,0.35,0.4,0.35,0.6,0.65
Finkelstein PF,finkel,25,25,bkf.SampleUniform,bkf.MhSampled,10,1,100,1.0,4.0,bkf.FuzzFinkelParticles,0.125,1.7,20,1,2019-01-29T13:20:57.045,1,4.1651540839368115,0.318122699,0,30,5.2712116969260325,5.280709560747779,0.55,0.25,0.55,0.25,0.45,0.75
Finkelstein PF,finkel,25,25,bkf.SampleUniform,bkf.MhSampled,10,1,100,1.0,4.0,bkf.FuzzFinkelParticles,0.125,1.7,20,1,2019-01-29T13:20:57.045,1,4.1651540839368115,0.341442056,0,150,33.68258304520586,38.914821894235665,0.4,0.35,0.4,0.35,0.6,0.65
Finkelstein PF,finkel,25,25,bkf.SampleUniform,bkf.MhSampled,10,1,100,1.0,4.0,bkf.FuzzFinkelParticles,0.125,1.7,20,1,2019-01-29T13:20:57.045,1,4.1651540839368115,0.532431664,0,500,117.75483979665894,121.06412499378371,0.3,0.5,0.3,0.5,0.7,0.5
Finkelstein PF,finkel,25,25,bkf.SampleUniform,bkf.MhSampled,30,1,100,1.0,4.0,bkf.FuzzFinkelParticles,0.125,1.7,20,2,2019-01-29T13:20:57.045,1,3.4634811551593554,0.408987649,0,30,6.43580467913749,4.846413881129475,0.65,0.3,0.65,0.3,0.35,0.7
Finkelstein PF,finkel,25,25,bkf.SampleUniform,bkf.MhSampled,30,1,100,1.0,4.0,bkf.FuzzFinkelParticles,0.125,1.7,20,2,2019-01-29T13:20:57.045,1,3.4634811551593554,0.517402539,0,150,46.603440011245326,48.3567672530625,0.55,0.5,0.55,0.5,0.45,0.5
Finkelstein PF,finkel,25,25,bkf.SampleUniform,bkf.MhSampled,30,1,100,1.0,4.0,bkf.FuzzFinkelParticles,0.125,1.7,20,2,2019-01-29T13:20:57.045,1,3.4634811551593554,0.925178154,0,500,171.4684654358673,177.41818130580577,0.4,0.6,0.4,0.6,0.6,0.4
Finkelstein PF,finkel,25,25,bkf.SampleUniform,bkf.MhSampled,10,1,100,1.0,4.0,bkf.FuzzFinkelParticles,0.125,1.7,20,2,2019-01-29T13:20:57.045,1,3.4634811551593554,0.315349653,0,30,5.927691486134956,6.074311212915886,0.75,0.6,0.75,0.6,0.25,0.4
Finkelstein PF,finkel,25,25,bkf.SampleUniform,bkf.MhSampled,10,1,100,1.0,4.0,bkf.FuzzFinkelParticles,0.125,1.7,20,2,2019-01-29T13:20:57.045,1,3.4634811551593554,0.499276332,0,150,37.25766348572614,38.478107858691104,0.4,0.45,0.4,0.45,0.6,0.55
Finkelstein PF,finkel,25,25,bkf.SampleUniform,bkf.MhSampled,10,1,100,1.0,4.0,bkf.FuzzFinkelParticles,0.125,1.7,20,2,2019-01-29T13:20:57.045,1,3.4634811551593554,0.515195554,0,500,151.88297013785782,155.01908953686416,0.5,0.6,0.5,0.6,0.5,0.4
Finkelstein PF,finkel,25,25,bkf.SampleLog,bkf.MhSampled,30,1,100,1.0,4.0,bkf.FuzzFinkelParticles,0.125,1.7,20,2,2019-01-29T13:20:57.045,1,3.4634811551593554,0.37474956,0,30,8.195384560023149,6.806543399114839,0.45,0.3,0.45,0.3,0.55,0.7
Finkelstein PF,finkel,25,25,bkf.SampleLog,bkf.MhSampled,30,1,100,1.0,4.0,bkf.FuzzFinkelParticles,0.125,1.7,20,2,2019-01-29T13:20:57.045,1,3.4634811551593554,0.51340346,0,150,50.55856822552588,51.50258351931028,0.5,0.5,0.5,0.5,0.5,0.5
Finkelstein PF,finkel,25,25,bkf.SampleLog,bkf.MhSampled,30,1,100,1.0,4.0,bkf.FuzzFinkelParticles,0.125,1.7,20,2,2019-01-29T13:20:57.045,1,3.4634811551593554,0.872257497,0,500,172.56006997617072,177.18357320294265,0.55,0.4,0.55,0.4,0.45,0.6
Finkelstein PF,finkel,25,25,bkf.SampleUniform,bkf.MhSampled,10,1,100,1.0,4.0,bkf.FuzzFinkelParticles,0.125,1.7,20,2,2019-01-29T13:20:57.045,1,3.4634811551593554,0.439610154,0,30,5.216175031913372,6.2868424452727085,0.7,0.55,0.7,0.55,0.3,0.45
Finkelstein PF,finkel,25,25,bkf.SampleUniform,bkf.MhSampled,10,1,100,1.0,4.0,bkf.FuzzFinkelParticles,0.125,1.7,20,2,2019-01-29T13:20:57.045,1,3.4634811551593554,0.552503788,0,150,41.334484094311115,43.370369956461325,0.6,0.6,0.6,0.6,0.4,0.4
Finkelstein PF,finkel,25,25,bkf.SampleUniform,bkf.MhSampled,10,1,100,1.0,4.0,bkf.FuzzFinkelParticles,0.125,1.7,20,2,2019-01-29T13:20:57.045,1,3.4634811551593554,0.566719784,0,500,154.35474347235817,147.46778765622952,0.7,0.65,0.7,0.65,0.3,0.35
Finkelstein PF,finkel,25,25,bkf.SampleUniform,bkf.MhSampled,30,1,100,1.0,4.0,bkf.FuzzFinkelParticles,0.125,1.7,20,3,2019-01-29T13:20:57.045,1,3.8068530715916657,0.39585528,0,30,8.45283025239479,7.234212419535126,0.6,0.15,0.6,0.15,0.4,0.85
Finkelstein PF,finkel,25,25,bkf.SampleUniform,bkf.MhSampled,30,1,100,1.0,4.0,bkf.FuzzFinkelParticles,0.125,1.7,20,3,2019-01-29T13:20:57.045,1,3.8068530715916657,0.581362737,0,150,48.13241277295484,51.49309887288537,0.4,0.25,0.4,0.25,0.6,0.75
Finkelstein PF,finkel,25,25,bkf.SampleUniform,bkf.MhSampled,30,1,100,1.0,4.0,bkf.FuzzFinkelParticles,0.125,1.7,20,3,2019-01-29T13:20:57.045,1,3.8068530715916657,0.779392054,0,500,186.22038142283412,188.72994870355654,0.15,0.6,0.15,0.6,0.85,0.4
Finkelstein PF,finkel,25,25,bkf.SampleUniform,bkf.MhSampled,10,1,100,1.0,4.0,bkf.FuzzFinkelParticles,0.125,1.7,20,3,2019-01-29T13:20:57.045,1,3.8068530715916657,0.339397033,0,30,5.803686759590329,4.659416503618142,0.6,0.4,0.6,0.4,0.4,0.6
Finkelstein PF,finkel,25,25,bkf.SampleUniform,bkf.MhSampled,10,1,100,1.0,4.0,bkf.FuzzFinkelParticles,0.125,1.7,20,3,2019-01-29T13:20:57.045,1,3.8068530715916657,0.392046597,0,150,40.531569812995315,49.33950119558782,0.65,0.6,0.65,0.6,0.35,0.4
Finkelstein PF,finkel,25,25,bkf.SampleUniform,bkf.MhSampled,10,1,100,1.0,4.0,bkf.FuzzFinkelParticles,0.125,1.7,20,3,2019-01-29T13:20:57.045,1,3.8068530715916657,0.583011571,0,500,164.26444999819802,163.70149901984445,0.55,0.55,0.55,0.55,0.45,0.45
Finkelstein PF,finkel,25,25,bkf.SampleLog,bkf.MhSampled,30,1,100,1.0,4.0,bkf.FuzzFinkelParticles,0.125,1.7,20,3,2019-01-29T13:20:57.045,1,3.8068530715916657,0.354833705,0,30,7.978224609343958,6.697169231672118,0.4,0.35,0.4,0.35,0.6,0.65
Finkelstein PF,finkel,25,25,bkf.SampleLog,bkf.MhSampled,30,1,100,1.0,4.0,bkf.FuzzFinkelParticles,0.125,1.7,20,3,2019-01-29T13:20:57.045,1,3.8068530715916657,0.524990961,0,150,52.734517818888,49.005512416062686,0.55,0.5,0.55,0.5,0.45,0.5
Finkelstein PF,finkel,25,25,bkf.SampleLog,bkf.MhSampled,30,1,100,1.0,4.0,bkf.FuzzFinkelParticles,0.125,1.7,20,3,2019-01-29T13:20:57.045,1,3.8068530715916657,0.778896609,0,500,180.84752254779227,184.52317956936707,0.45,0.35,0.45,0.35,0.55,0.65
Finkelstein PF,finkel,25,25,bkf.SampleUniform,bkf.MhSampled,10,1,100,1.0,4.0,bkf.FuzzFinkelParticles,0.125,1.7,20,3,2019-01-29T13:20:57.045,1,3.8068530715916657,0.303299072,0,30,7.838702926506636,8.377932680438233,0.55,0.5,0.55,0.5,0.45,0.5
Finkelstein PF,finkel,25,25,bkf.SampleUniform,bkf.MhSampled,10,1,100,1.0,4.0,bkf.FuzzFinkelParticles,0.125,1.7,20,3,2019-01-29T13:20:57.045,1,3.8068530715916657,0.363779017,0,150,38.60508488748563,40.67924404850925,0.4,0.4,0.4,0.4,0.6,0.6
Finkelstein PF,finkel,25,25,bkf.SampleUniform,bkf.MhSampled,10,1,100,1.0,4.0,bkf.FuzzFinkelParticles,0.125,1.7,20,3,2019-01-29T13:20:57.045,1,3.8068530715916657,0.785344195,0,500,155.07219865859958,156.08902480190733,0.55,0.5,0.55,0.5,0.45,0.5
Finkelstein PF,finkel,25,25,bkf.SampleUniform,bkf.MhSampled,30,1,100,1.0,4.0,bkf.FuzzFinkelParticles,0.125,1.7,20,4,2019-01-29T13:20:57.045,1,4.381486362607998,0.612616329,0,30,8.461726087320839,8.237910090738975,0.4,0.35,0.4,0.35,0.6,0.65
Finkelstein PF,finkel,25,25,bkf.SampleUniform,bkf.MhSampled,30,1,100,1.0,4.0,bkf.FuzzFinkelParticles,0.125,1.7,20,4,2019-01-29T13:20:57.045,1,4.381486362607998,0.820721003,0,150,50.20416661624043,52.3795089751034,0.45,0.55,0.45,0.55,0.55,0.45
Finkelstein PF,finkel,25,25,bkf.SampleUniform,bkf.MhSampled,30,1,100,1.0,4.0,bkf.FuzzFinkelParticles,0.125,1.7,20,4,2019-01-29T13:20:57.045,1,4.381486362607998,1.487050436,0,500,157.6600896541103,159.9959015722756,0.25,0.3,0.25,0.3,0.75,0.7
Finkelstein PF,finkel,25,25,bkf.SampleUniform,bkf.MhSampled,10,1,100,1.0,4.0,bkf.FuzzFinkelParticles,0.125,1.7,20,4,2019-01-29T13:20:57.045,1,4.381486362607998,0.754114166,0,30,6.5261998475306005,5.870888936370931,0.5,0.45,0.5,0.45,0.5,0.55
Finkelstein PF,finkel,25,25,bkf.SampleUniform,bkf.MhSampled,10,1,100,1.0,4.0,bkf.FuzzFinkelParticles,0.125,1.7,20,4,2019-01-29T13:20:57.045,1,4.381486362607998,0.653654983,0,150,51.400093684311415,52.38956484805344,0.45,0.4,0.45,0.4,0.55,0.6
Finkelstein PF,finkel,25,25,bkf.SampleUniform,bkf.MhSampled,10,1,100,1.0,4.0,bkf.FuzzFinkelParticles,0.125,1.7,20,4,2019-01-29T13:20:57.045,1,4.381486362607998,1.142631744,0,500,174.13920849775496,178.14649109055011,0.4,0.45,0.4,0.45,0.6,0.55
Finkelstein PF,finkel,25,25,bkf.SampleLog,bkf.MhSampled,30,1,100,1.0,4.0,bkf.FuzzFinkelParticles,0.125,1.7,20,4,2019-01-29T13:20:57.045,1,4.381486362607998,0.394295078,0,30,6.465844841262881,6.5865941902305085,0.55,0.3,0.55,0.3,0.45,0.7
Finkelstein PF,finkel,25,25,bkf.SampleLog,bkf.MhSampled,30,1,100,1.0,4.0,bkf.FuzzFinkelParticles,0.125,1.7,20,4,2019-01-29T13:20:57.045,1,4.381486362607998,0.584546665,0,150,47.623712426310206,48.01422225775737,0.45,0.55,0.45,0.55,0.55,0.45
Finkelstein PF,finkel,25,25,bkf.SampleLog,bkf.MhSampled,30,1,100,1.0,4.0,bkf.FuzzFinkelParticles,0.125,1.7,20,4,2019-01-29T13:20:57.045,1,4.381486362607998,0.884347723,0,500,167.60419938947024,172.92032850139046,0.35,0.4,0.35,0.4,0.65,0.6
Finkelstein PF,finkel,25,25,bkf.SampleUniform,bkf.MhSampled,10,1,100,1.0,4.0,bkf.FuzzFinkelParticles,0.125,1.7,20,4,2019-01-29T13:20:57.045,1,4.381486362607998,0.320518717,0,30,7.413112333009214,6.1330490092015895,0.7,0.5,0.7,0.5,0.3,0.5
Finkelstein PF,finkel,25,25,bkf.SampleUniform,bkf.MhSampled,10,1,100,1.0,4.0,bkf.FuzzFinkelParticles,0.125,1.7,20,4,2019-01-29T13:20:57.045,1,4.381486362607998,0.383660057,0,150,43.163469143960675,44.7666837330748,0.5,0.7,0.5,0.7,0.5,0.3
Finkelstein PF,finkel,25,25,bkf.SampleUniform,bkf.MhSampled,10,1,100,1.0,4.0,bkf.FuzzFinkelParticles,0.125,1.7,20,4,2019-01-29T13:20:57.045,1,4.381486362607998,0.661375794,0,500,157.26545649097514,157.80176778798503,0.55,0.6,0.55,0.6,0.45,0.4
Finkelstein PF,finkel,25,25,bkf.SampleUniform,bkf.MhSampled,30,1,100,1.0,4.0,bkf.FuzzFinkelParticles,0.125,1.7,20,5,2019-01-29T13:20:57.045,1,1.6952773898718583,0.373073134,0,30,6.96312765840225,7.369189890861065,0.5,0.35,0.5,0.35,0.5,0.65
Finkelstein PF,finkel,25,25,bkf.SampleUniform,bkf.MhSampled,30,1,100,1.0,4.0,bkf.FuzzFinkelParticles,0.125,1.7,20,5,2019-01-29T13:20:57.045,1,1.6952773898718583,0.696376502,0,150,46.987273064034845,43.3815410490723,0.55,0.45,0.55,0.45,0.45,0.55
Finkelstein PF,finkel,25,25,bkf.SampleUniform,bkf.MhSampled,30,1,100,1.0,4.0,bkf.FuzzFinkelParticles,0.125,1.7,20,5,2019-01-29T13:20:57.045,1,1.6952773898718583,0.848573701,0,500,155.83805330278238,153.21443030786787,0.55,0.45,0.55,0.45,0.45,0.55
Finkelstein PF,finkel,25,25,bkf.SampleUniform,bkf.MhSampled,10,1,100,1.0,4.0,bkf.FuzzFinkelParticles,0.125,1.7,20,5,2019-01-29T13:20:57.045,1,1.6952773898718583,0.325775148,0,30,5.493666379741613,5.076654507536673,0.65,0.25,0.65,0.25,0.35,0.75
Finkelstein PF,finkel,25,25,bkf.SampleUniform,bkf.MhSampled,10,1,100,1.0,4.0,bkf.FuzzFinkelParticles,0.125,1.7,20,5,2019-01-29T13:20:57.045,1,1.6952773898718583,0.386661725,0,150,35.08111915312376,37.699753704361356,0.55,0.6,0.55,0.6,0.45,0.4
Finkelstein PF,finkel,25,25,bkf.SampleUniform,bkf.MhSampled,10,1,100,1.0,4.0,bkf.FuzzFinkelParticles,0.125,1.7,20,5,2019-01-29T13:20:57.045,1,1.6952773898718583,0.728545118,0,500,145.66451519794728,150.972930127614,0.35,0.25,0.35,0.25,0.65,0.75
Finkelstein PF,finkel,25,25,bkf.SampleLog,bkf.MhSampled,30,1,100,1.0,4.0,bkf.FuzzFinkelParticles,0.125,1.7,20,5,2019-01-29T13:20:57.045,1,1.6952773898718583,0.594006639,0,30,5.360786640335394,7.441480119529449,0.9,0.3,0.9,0.3,0.1,0.7
Finkelstein PF,finkel,25,25,bkf.SampleLog,bkf.MhSampled,30,1,100,1.0,4.0,bkf.FuzzFinkelParticles,0.125,1.7,20,5,2019-01-29T13:20:57.045,1,1.6952773898718583,1.000795352,0,150,39.24403131487936,43.45535656141719,0.65,0.35,0.65,0.35,0.35,0.65
Finkelstein PF,finkel,25,25,bkf.SampleLog,bkf.MhSampled,30,1,100,1.0,4.0,bkf.FuzzFinkelParticles,0.125,1.7,20,5,2019-01-29T13:20:57.045,1,1.6952773898718583,1.278248082,0,500,153.87362998753716,142.6045758851985,0.3,0.55,0.3,0.55,0.7,0.45
Finkelstein PF,finkel,25,25,bkf.SampleUniform,bkf.MhSampled,10,1,100,1.0,4.0,bkf.FuzzFinkelParticles,0.125,1.7,20,5,2019-01-29T13:20:57.045,1,1.6952773898718583,0.385808937,0,30,6.284444139794819,5.931974115675447,0.7,0.3,0.7,0.3,0.3,0.7
Finkelstein PF,finkel,25,25,bkf.SampleUniform,bkf.MhSampled,10,1,100,1.0,4.0,bkf.FuzzFinkelParticles,0.125,1.7,20,5,2019-01-29T13:20:57.045,1,1.6952773898718583,0.36981463,0,150,47.07998458388108,39.234470825510805,0.5,0.4,0.5,0.4,0.5,0.6
Finkelstein PF,finkel,25,25,bkf.SampleUniform,bkf.MhSampled,10,1,100,1.0,4.0,bkf.FuzzFinkelParticles,0.125,1.7,20,5,2019-01-29T13:20:57.045,1,1.6952773898718583,0.601447685,0,500,169.3045212922982,169.12257052129075,0.6,0.6,0.6,0.6,0.4,0.4
Finkelstein PF,finkel,25,25,bkf.SampleUniform,bkf.MhSampled,30,1,100,1.0,4.0,bkf.FuzzFinkelParticles,0.125,1.7,20,6,2019-01-29T13:20:57.045,1,2.155668257015286,0.339032083,0,30,5.86188062900693,4.834556487485657,0.6,0.35,0.6,0.35,0.4,0.65
Finkelstein PF,finkel,25,25,bkf.SampleUniform,bkf.MhSampled,30,1,100,1.0,4.0,bkf.FuzzFinkelParticles,0.125,1.7,20,6,2019-01-29T13:20:57.045,1,2.155668257015286,0.608972199,0,150,35.31820704501723,37.98541076891389,0.6,0.6,0.6,0.6,0.4,0.4
Finkelstein PF,finkel,25,25,bkf.SampleUniform,bkf.MhSampled,30,1,100,1.0,4.0,bkf.FuzzFinkelParticles,0.125,1.7,20,6,2019-01-29T13:20:57.045,1,2.155668257015286,0.764471814,0,500,148.710146251317,137.58894683730563,0.55,0.65,0.55,0.65,0.45,0.35
Finkelstein PF,finkel,25,25,bkf.SampleUniform,bkf.MhSampled,10,1,100,1.0,4.0,bkf.FuzzFinkelParticles,0.125,1.7,20,6,2019-01-29T13:20:57.045,1,2.155668257015286,0.319413155,0,30,5.745401235999457,4.69667486271018,0.5,0.3,0.5,0.3,0.5,0.7
Finkelstein PF,finkel,25,25,bkf.SampleUniform,bkf.MhSampled,10,1,100,1.0,4.0,bkf.FuzzFinkelParticles,0.125,1.7,20,6,2019-01-29T13:20:57.045,1,2.155668257015286,0.396770927,0,150,37.40825866573822,33.38175823797424,0.55,0.35,0.55,0.35,0.45,0.65
Finkelstein PF,finkel,25,25,bkf.SampleUniform,bkf.MhSampled,10,1,100,1.0,4.0,bkf.FuzzFinkelParticles,0.125,1.7,20,6,2019-01-29T13:20:57.045,1,2.155668257015286,0.487005632,0,500,132.34638458939045,119.5522572119273,0.45,0.3,0.45,0.3,0.55,0.7
Finkelstein PF,finkel,25,25,bkf.SampleLog,bkf.MhSampled,30,1,100,1.0,4.0,bkf.FuzzFinkelParticles,0.125,1.7,20,6,2019-01-29T13:20:57.045,1,2.155668257015286,0.388530324,0,30,6.651770639317665,6.577021305052907,0.65,0.25,0.65,0.25,0.35,0.75
Finkelstein PF,finkel,25,25,bkf.SampleLog,bkf.MhSampled,30,1,100,1.0,4.0,bkf.FuzzFinkelParticles,0.125,1.7,20,6,2019-01-29T13:20:57.045,1,2.155668257015286,0.465369636,0,150,38.7931568450992,41.790239804493915,0.35,0.4,0.35,0.4,0.65,0.6
Finkelstein PF,finkel,25,25,bkf.SampleLog,bkf.MhSampled,30,1,100,1.0,4.0,bkf.FuzzFinkelParticles,0.125,1.7,20,6,2019-01-29T13:20:57.045,1,2.155668257015286,0.728287726,0,500,160.8350107993038,155.96939877916174,0.35,0.7,0.35,0.7,0.65,0.3
Finkelstein PF,finkel,25,25,bkf.SampleUniform,bkf.MhSampled,10,1,100,1.0,4.0,bkf.FuzzFinkelParticles,0.125,1.7,20,6,2019-01-29T13:20:57.045,1,2.155668257015286,0.365959032,0,30,5.604677576179747,6.261094043252206,0.55,0.3,0.55,0.3,0.45,0.7
Finkelstein PF,finkel,25,25,bkf.SampleUniform,bkf.MhSampled,10,1,100,1.0,4.0,bkf.FuzzFinkelParticles,0.125,1.7,20,6,2019-01-29T13:20:57.045,1,2.155668257015286,0.385828638,0,150,35.851659208027165,39.78378261087565,0.65,0.3,0.65,0.3,0.35,0.7
Finkelstein PF,finkel,25,25,bkf.SampleUniform,bkf.MhSampled,10,1,100,1.0,4.0,bkf.FuzzFinkelParticles,0.125,1.7,20,6,2019-01-29T13:20:57.045,1,2.155668257015286,0.597844755,0,500,127.42139966516906,129.91821068651993,0.75,0.45,0.75,0.45,0.25,0.55
Finkelstein PF,finkel,25,25,bkf.SampleUniform,bkf.MhSampled,30,1,100,1.0,4.0,bkf.FuzzFinkelParticles,0.125,1.7,20,7,2019-01-29T13:20:57.045,1,6.264105177399013,0.354707709,0,30,5.356843207588806,4.857653446970676,0.8,0.3,0.8,0.3,0.2,0.7
Finkelstein PF,finkel,25,25,bkf.SampleUniform,bkf.MhSampled,30,1,100,1.0,4.0,bkf.FuzzFinkelParticles,0.125,1.7,20,7,2019-01-29T13:20:57.045,1,6.264105177399013,0.577162746,0,150,41.762392763792064,45.99474295115592,0.45,0.35,0.45,0.35,0.55,0.65
Finkelstein PF,finkel,25,25,bkf.SampleUniform,bkf.MhSampled,30,1,100,1.0,4.0,bkf.FuzzFinkelParticles,0.125,1.7,20,7,2019-01-29T13:20:57.045,1,6.264105177399013,0.838502038,0,500,175.96866661150506,183.99182456422335,0.6,0.4,0.6,0.4,0.4,0.6
Finkelstein PF,finkel,25,25,bkf.SampleUniform,bkf.MhSampled,10,1,100,1.0,4.0,bkf.FuzzFinkelParticles,0.125,1.7,20,7,2019-01-29T13:20:57.045,1,6.264105177399013,0.369182067,0,30,5.280972190512115,5.946434653202185,0.5,0.3,0.5,0.3,0.5,0.7
Finkelstein PF,finkel,25,25,bkf.SampleUniform,bkf.MhSampled,10,1,100,1.0,4.0,bkf.FuzzFinkelParticles,0.125,1.7,20,7,2019-01-29T13:20:57.045,1,6.264105177399013,0.580662105,0,150,38.91609590051556,41.61442263450097,0.45,0.4,0.45,0.4,0.55,0.6
Finkelstein PF,finkel,25,25,bkf.SampleUniform,bkf.MhSampled,10,1,100,1.0,4.0,bkf.FuzzFinkelParticles,0.125,1.7,20,7,2019-01-29T13:20:57.045,1,6.264105177399013,0.599802256,0,500,160.97763906480037,155.61052803649358,0.5,0.6,0.5,0.6,0.5,0.4
Finkelstein PF,finkel,25,25,bkf.SampleLog,bkf.MhSampled,30,1,100,1.0,4.0,bkf.FuzzFinkelParticles,0.125,1.7,20,7,2019-01-29T13:20:57.045,1,6.264105177399013,0.417914027,0,30,6.964438348425496,6.237083197981098,0.6,0.35,0.6,0.35,0.4,0.65
Finkelstein PF,finkel,25,25,bkf.SampleLog,bkf.MhSampled,30,1,100,1.0,4.0,bkf.FuzzFinkelParticles,0.125,1.7,20,7,2019-01-29T13:20:57.045,1,6.264105177399013,0.647549083,0,150,45.79393138848866,46.211509230194444,0.35,0.45,0.35,0.45,0.65,0.55
Finkelstein PF,finkel,25,25,bkf.SampleLog,bkf.MhSampled,30,1,100,1.0,4.0,bkf.FuzzFinkelParticles,0.125,1.7,20,7,2019-01-29T13:20:57.045,1,6.264105177399013,0.87019349,0,500,189.1468109221073,185.2322393943405,0.55,0.3,0.55,0.3,0.45,0.7
Finkelstein PF,finkel,25,25,bkf.SampleUniform,bkf.MhSampled,10,1,100,1.0,4.0,bkf.FuzzFinkelParticles,0.125,1.7,20,7,2019-01-29T13:20:57.045,1,6.264105177399013,0.309765212,0,30,5.540580739481193,6.4075322001714685,0.7,0.45,0.7,0.45,0.3,0.55
Finkelstein PF,finkel,25,25,bkf.SampleUniform,bkf.MhSampled,10,1,100,1.0,4.0,bkf.FuzzFinkelParticles,0.125,1.7,20,7,2019-01-29T13:20:57.045,1,6.264105177399013,0.37690627,0,150,37.644612493454474,41.47131606510551,0.8,0.75,0.8,0.75,0.2,0.25
Finkelstein PF,finkel,25,25,bkf.SampleUniform,bkf.MhSampled,10,1,100,1.0,4.0,bkf.FuzzFinkelParticles,0.125,1.7,20,7,2019-01-29T13:20:57.045,1,6.264105177399013,0.642285813,0,500,154.11239124148256,162.76148218696775,0.3,0.7,0.3,0.7,0.7,0.3
Finkelstein PF,finkel,25,25,bkf.SampleUniform,bkf.MhSampled,30,1,100,1.0,4.0,bkf.FuzzFinkelParticles,0.125,1.7,20,8,2019-01-29T13:20:57.045,1,4.033122474194142,0.390958776,0,30,5.905525304306396,5.396398117296101,0.6,0.4,0.6,0.4,0.4,0.6
Finkelstein PF,finkel,25,25,bkf.SampleUniform,bkf.MhSampled,30,1,100,1.0,4.0,bkf.FuzzFinkelParticles,0.125,1.7,20,8,2019-01-29T13:20:57.045,1,4.033122474194142,0.777870831,0,150,45.83193152890309,45.971540432714946,0.3,0.3,0.3,0.3,0.7,0.7
Finkelstein PF,finkel,25,25,bkf.SampleUniform,bkf.MhSampled,30,1,100,1.0,4.0,bkf.FuzzFinkelParticles,0.125,1.7,20,8,2019-01-29T13:20:57.045,1,4.033122474194142,1.151642009,0,500,179.17169479150604,177.48390743755374,0.4,0.55,0.4,0.55,0.6,0.45
Finkelstein PF,finkel,25,25,bkf.SampleUniform,bkf.MhSampled,10,1,100,1.0,4.0,bkf.FuzzFinkelParticles,0.125,1.7,20,8,2019-01-29T13:20:57.045,1,4.033122474194142,0.528997463,0,30,6.562320667898705,5.155782577023429,0.6,0.3,0.6,0.3,0.4,0.7
Finkelstein PF,finkel,25,25,bkf.SampleUniform,bkf.MhSampled,10,1,100,1.0,4.0,bkf.FuzzFinkelParticles,0.125,1.7,20,8,2019-01-29T13:20:57.045,1,4.033122474194142,0.478555664,0,150,35.21492373078992,39.780986982948065,0.5,0.45,0.5,0.45,0.5,0.55
Finkelstein PF,finkel,25,25,bkf.SampleUniform,bkf.MhSampled,10,1,100,1.0,4.0,bkf.FuzzFinkelParticles,0.125,1.7,20,8,2019-01-29T13:20:57.045,1,4.033122474194142,0.504266638,0,500,146.11872388773978,141.96597880303744,0.4,0.5,0.4,0.5,0.6,0.5
Finkelstein PF,finkel,25,25,bkf.SampleLog,bkf.MhSampled,30,1,100,1.0,4.0,bkf.FuzzFinkelParticles,0.125,1.7,20,8,2019-01-29T13:20:57.045,1,4.033122474194142,0.433824939,0,30,5.865526786450313,4.107091721097332,0.5,0.15,0.5,0.15,0.5,0.85
Finkelstein PF,finkel,25,25,bkf.SampleLog,bkf.MhSampled,30,1,100,1.0,4.0,bkf.FuzzFinkelParticles,0.125,1.7,20,8,2019-01-29T13:20:57.045,1,4.033122474194142,0.526317741,0,150,47.29801486134643,48.896877653152686,0.6,0.3,0.6,0.3,0.4,0.7
Finkelstein PF,finkel,25,25,bkf.SampleLog,bkf.MhSampled,30,1,100,1.0,4.0,bkf.FuzzFinkelParticles,0.125,1.7,20,8,2019-01-29T13:20:57.045,1,4.033122474194142,0.881140405,0,500,172.65985990194744,176.60528561409538,0.4,0.5,0.4,0.5,0.6,0.5
Finkelstein PF,finkel,25,25,bkf.SampleUniform,bkf.MhSampled,10,1,100,1.0,4.0,bkf.FuzzFinkelParticles,0.125,1.7,20,8,2019-01-29T13:20:57.045,1,4.033122474194142,0.390430171,0,30,3.898350846006688,4.5353408932379695,0.75,0.35,0.75,0.35,0.25,0.65
Finkelstein PF,finkel,25,25,bkf.SampleUniform,bkf.MhSampled,10,1,100,1.0,4.0,bkf.FuzzFinkelParticles,0.125,1.7,20,8,2019-01-29T13:20:57.045,1,4.033122474194142,0.403196831,0,150,34.02393851167382,41.94037948745481,0.65,0.5,0.65,0.5,0.35,0.5
Finkelstein PF,finkel,25,25,bkf.SampleUniform,bkf.MhSampled,10,1,100,1.0,4.0,bkf.FuzzFinkelParticles,0.125,1.7,20,8,2019-01-29T13:20:57.045,1,4.033122474194142,0.525870605,0,500,149.84672235928105,146.38505153822464,0.45,0.45,0.45,0.45,0.55,0.55
Finkelstein PF,finkel,25,25,bkf.SampleUniform,bkf.MhSampled,30,1,100,1.0,4.0,bkf.FuzzFinkelParticles,0.125,1.7,20,9,2019-01-29T13:20:57.045,1,2.0302797430665454,0.419244291,0,30,3.6809798172329615,5.282394372589396,0.8,0.45,0.8,0.45,0.2,0.55
Finkelstein PF,finkel,25,25,bkf.SampleUniform,bkf.MhSampled,30,1,100,1.0,4.0,bkf.FuzzFinkelParticles,0.125,1.7,20,9,2019-01-29T13:20:57.045,1,2.0302797430665454,0.547023139,0,150,31.084128657717752,27.218885236125857,0.6,0.5,0.6,0.5,0.4,0.5
Finkelstein PF,finkel,25,25,bkf.SampleUniform,bkf.MhSampled,30,1,100,1.0,4.0,bkf.FuzzFinkelParticles,0.125,1.7,20,9,2019-01-29T13:20:57.045,1,2.0302797430665454,0.882807403,0,500,112.06505368838734,111.10585550713381,0.35,0.4,0.35,0.4,0.65,0.6
Finkelstein PF,finkel,25,25,bkf.SampleUniform,bkf.MhSampled,10,1,100,1.0,4.0,bkf.FuzzFinkelParticles,0.125,1.7,20,9,2019-01-29T13:20:57.045,1,2.0302797430665454,0.280012591,0,30,4.971277582779571,3.651795712727258,0.75,0.25,0.75,0.25,0.25,0.75
Finkelstein PF,finkel,25,25,bkf.SampleUniform,bkf.MhSampled,10,1,100,1.0,4.0,bkf.FuzzFinkelParticles,0.125,1.7,20,9,2019-01-29T13:20:57.045,1,2.0302797430665454,0.347363056,0,150,32.10299942713784,33.4783119694695,0.55,0.45,0.55,0.45,0.45,0.55
Finkelstein PF,finkel,25,25,bkf.SampleUniform,bkf.MhSampled,10,1,100,1.0,4.0,bkf.FuzzFinkelParticles,0.125,1.7,20,9,2019-01-29T13:20:57.045,1,2.0302797430665454,0.55670634,0,500,105.5813343538563,114.26818253790388,0.6,0.55,0.6,0.55,0.4,0.45
Finkelstein PF,finkel,25,25,bkf.SampleLog,bkf.MhSampled,30,1,100,1.0,4.0,bkf.FuzzFinkelParticles,0.125,1.7,20,9,2019-01-29T13:20:57.045,1,2.0302797430665454,0.400611045,0,30,3.022806537259064,4.922133498936456,0.85,0.25,0.85,0.25,0.15,0.75
Finkelstein PF,finkel,25,25,bkf.SampleLog,bkf.MhSampled,30,1,100,1.0,4.0,bkf.FuzzFinkelParticles,0.125,1.7,20,9,2019-01-29T13:20:57.045,1,2.0302797430665454,0.543742671,0,150,39.36169512372644,31.573563953822163,0.5,0.25,0.5,0.25,0.5,0.75
Finkelstein PF,finkel,25,25,bkf.SampleLog,bkf.MhSampled,30,1,100,1.0,4.0,bkf.FuzzFinkelParticles,0.125,1.7,20,9,2019-01-29T13:20:57.045,1,2.0302797430665454,0.808459978,0,500,122.33395098070744,135.60779276409596,0.3,0.2,0.3,0.2,0.7,0.8
Finkelstein PF,finkel,25,25,bkf.SampleUniform,bkf.MhSampled,10,1,100,1.0,4.0,bkf.FuzzFinkelParticles,0.125,1.7,20,9,2019-01-29T13:20:57.045,1,2.0302797430665454,0.324715833,0,30,3.665262486604451,3.0420711002306398,0.6,0.4,0.6,0.4,0.4,0.6
Finkelstein PF,finkel,25,25,bkf.SampleUniform,bkf.MhSampled,10,1,100,1.0,4.0,bkf.FuzzFinkelParticles,0.125,1.7,20,9,2019-01-29T13:20:57.045,1,2.0302797430665454,0.365959825,0,150,25.004639337540713,27.795242414796604,0.7,0.55,0.7,0.55,0.3,0.45
Finkelstein PF,finkel,25,25,bkf.SampleUniform,bkf.MhSampled,10,1,100,1.0,4.0,bkf.FuzzFinkelParticles,0.125,1.7,20,9,2019-01-29T13:20:57.045,1,2.0302797430665454,0.490134494,0,500,102.2204523968665,99.49229475455516,0.6,0.45,0.6,0.45,0.4,0.55
Finkelstein PF,finkel,25,25,bkf.SampleUniform,bkf.MhSampled,30,1,100,1.0,4.0,bkf.FuzzFinkelParticles,0.125,1.7,20,10,2019-01-29T13:20:57.045,1,2.055563454857263,0.359205361,0,30,6.031860296965118,5.461448885410245,0.5,0.15,0.5,0.15,0.5,0.85
Finkelstein PF,finkel,25,25,bkf.SampleUniform,bkf.MhSampled,30,1,100,1.0,4.0,bkf.FuzzFinkelParticles,0.125,1.7,20,10,2019-01-29T13:20:57.045,1,2.055563454857263,0.497519195,0,150,38.1437123764443,36.131247075544664,0.4,0.45,0.4,0.45,0.6,0.55
Finkelstein PF,finkel,25,25,bkf.SampleUniform,bkf.MhSampled,30,1,100,1.0,4.0,bkf.FuzzFinkelParticles,0.125,1.7,20,10,2019-01-29T13:20:57.045,1,2.055563454857263,0.787447034,0,500,157.3663951333046,165.99703936733275,0.35,0.4,0.35,0.4,0.65,0.6
Finkelstein PF,finkel,25,25,bkf.SampleUniform,bkf.MhSampled,10,1,100,1.0,4.0,bkf.FuzzFinkelParticles,0.125,1.7,20,10,2019-01-29T13:20:57.045,1,2.055563454857263,0.283330988,0,30,5.1730573183802395,4.602926873960806,0.6,0.25,0.6,0.25,0.4,0.75
Finkelstein PF,finkel,25,25,bkf.SampleUniform,bkf.MhSampled,10,1,100,1.0,4.0,bkf.FuzzFinkelParticles,0.125,1.7,20,10,2019-01-29T13:20:57.045,1,2.055563454857263,0.383910231,0,150,40.11309549858406,40.18588175468519,0.55,0.35,0.55,0.35,0.45,0.65
Finkelstein PF,finkel,25,25,bkf.SampleUniform,bkf.MhSampled,10,1,100,1.0,4.0,bkf.FuzzFinkelParticles,0.125,1.7,20,10,2019-01-29T13:20:57.045,1,2.055563454857263,0.557119817,0,500,152.13587124309345,141.01879521370546,0.3,0.55,0.3,0.55,0.7,0.45
Finkelstein PF,finkel,25,25,bkf.SampleLog,bkf.MhSampled,30,1,100,1.0,4.0,bkf.FuzzFinkelParticles,0.125,1.7,20,10,2019-01-29T13:20:57.045,1,2.055563454857263,0.416381729,0,30,5.86235954984339,7.288383015023541,0.8,0.25,0.8,0.25,0.2,0.75
Finkelstein PF,finkel,25,25,bkf.SampleLog,bkf.MhSampled,30,1,100,1.0,4.0,bkf.FuzzFinkelParticles,0.125,1.7,20,10,2019-01-29T13:20:57.045,1,2.055563454857263,0.466134306,0,150,40.649706869780175,45.505454688281546,0.5,0.45,0.5,0.45,0.5,0.55
Finkelstein PF,finkel,25,25,bkf.SampleLog,bkf.MhSampled,30,1,100,1.0,4.0,bkf.FuzzFinkelParticles,0.125,1.7,20,10,2019-01-29T13:20:57.045,1,2.055563454857263,0.986625072,0,500,173.00965479447893,168.09238922009396,0.55,0.4,0.55,0.4,0.45,0.6
Finkelstein PF,finkel,25,25,bkf.SampleUniform,bkf.MhSampled,10,1,100,1.0,4.0,bkf.FuzzFinkelParticles,0.125,1.7,20,10,2019-01-29T13:20:57.045,1,2.055563454857263,0.358043554,0,30,6.049899608266559,5.924423336733037,0.65,0.35,0.65,0.35,0.35,0.65
Finkelstein PF,finkel,25,25,bkf.SampleUniform,bkf.MhSampled,10,1,100,1.0,4.0,bkf.FuzzFinkelParticles,0.125,1.7,20,10,2019-01-29T13:20:57.045,1,2.055563454857263,0.438572868,0,150,42.36927908298989,33.74490217534882,0.55,0.5,0.55,0.5,0.45,0.5
Finkelstein PF,finkel,25,25,bkf.SampleUniform,bkf.MhSampled,10,1,100,1.0,4.0,bkf.FuzzFinkelParticles,0.125,1.7,20,10,2019-01-29T13:20:57.045,1,2.055563454857263,0.469875473,0,500,158.57069821887038,163.14512534256295,0.4,0.35,0.4,0.35,0.6,0.65
Finkelstein PF,finkel,25,25,bkf.SampleUniform,bkf.MhSampled,30,1,100,1.0,4.0,bkf.FuzzFinkelParticles,0.125,1.7,20,11,2019-01-29T13:20:57.045,1,1.5252802584704543,0.37374366,0,30,5.969168262636435,5.564881416963595,0.65,0.2,0.65,0.2,0.35,0.8
Finkelstein PF,finkel,25,25,bkf.SampleUniform,bkf.MhSampled,30,1,100,1.0,4.0,bkf.FuzzFinkelParticles,0.125,1.7,20,11,2019-01-29T13:20:57.045,1,1.5252802584704543,0.512837192,0,150,42.87258938053296,43.133576734348274,0.3,0.3,0.3,0.3,0.7,0.7
Finkelstein PF,finkel,25,25,bkf.SampleUniform,bkf.MhSampled,30,1,100,1.0,4.0,bkf.FuzzFinkelParticles,0.125,1.7,20,11,2019-01-29T13:20:57.045,1,1.5252802584704543,0.806800694,0,500,164.65063621663649,155.39154143088584,0.35,0.2,0.35,0.2,0.65,0.8
Finkelstein PF,finkel,25,25,bkf.SampleUniform,bkf.MhSampled,10,1,100,1.0,4.0,bkf.FuzzFinkelParticles,0.125,1.7,20,11,2019-01-29T13:20:57.045,1,1.5252802584704543,0.334023428,0,30,5.002090009760011,5.100246024893307,0.65,0.3,0.65,0.3,0.35,0.7
Finkelstein PF,finkel,25,25,bkf.SampleUniform,bkf.MhSampled,10,1,100,1.0,4.0,bkf.FuzzFinkelParticles,0.125,1.7,20,11,2019-01-29T13:20:57.045,1,1.5252802584704543,0.398479347,0,150,43.20767346176944,37.407804355466,0.5,0.55,0.5,0.55,0.5,0.45
Finkelstein PF,finkel,25,25,bkf.SampleUniform,bkf.MhSampled,10,1,100,1.0,4.0,bkf.FuzzFinkelParticles,0.125,1.7,20,11,2019-01-29T13:20:57.045,1,1.5252802584704543,0.563551286,0,500,148.29325308025014,150.54214829222192,0.5,0.5,0.5,0.5,0.5,0.5
Finkelstein PF,finkel,25,25,bkf.SampleLog,bkf.MhSampled,30,1,100,1.0,4.0,bkf.FuzzFinkelParticles,0.125,1.7,20,11,2019-01-29T13:20:57.045,1,1.5252802584704543,0.391840914,0,30,6.252762369603461,5.563110573311313,0.55,0.35,0.55,0.35,0.45,0.65
Finkelstein PF,finkel,25,25,bkf.SampleLog,bkf.MhSampled,30,1,100,1.0,4.0,bkf.FuzzFinkelParticles,0.125,1.7,20,11,2019-01-29T13:20:57.045,1,1.5252802584704543,0.469577067,0,150,43.470103107167574,42.85021917530508,0.55,0.6,0.55,0.6,0.45,0.4
Finkelstein PF,finkel,25,25,bkf.SampleLog,bkf.MhSampled,30,1,100,1.0,4.0,bkf.FuzzFinkelParticles,0.125,1.7,20,11,2019-01-29T13:20:57.045,1,1.5252802584704543,0.771128068,0,500,151.7993921054555,153.69812915327552,0.4,0.45,0.4,0.45,0.6,0.55
Finkelstein PF,finkel,25,25,bkf.SampleUniform,bkf.MhSampled,10,1,100,1.0,4.0,bkf.FuzzFinkelParticles,0.125,1.7,20,11,2019-01-29T13:20:57.045,1,1.5252802584704543,0.355006335,0,30,6.149766208951008,5.345036687521728,0.55,0.4,0.55,0.4,0.45,0.6
Finkelstein PF,finkel,25,25,bkf.SampleUniform,bkf.MhSampled,10,1,100,1.0,4.0,bkf.FuzzFinkelParticles,0.125,1.7,20,11,2019-01-29T13:20:57.045,1,1.5252802584704543,0.388469221,0,150,37.58299710695967,29.54274612445286,0.5,0.25,0.5,0.25,0.5,0.75
Finkelstein PF,finkel,25,25,bkf.SampleUniform,bkf.MhSampled,10,1,100,1.0,4.0,bkf.FuzzFinkelParticles,0.125,1.7,20,11,2019-01-29T13:20:57.045,1,1.5252802584704543,0.478432307,0,500,135.08683887878436,134.93475833097438,0.65,0.55,0.65,0.55,0.35,0.45
Finkelstein PF,finkel,25,25,bkf.SampleUniform,bkf.MhSampled,30,1,100,1.0,4.0,bkf.FuzzFinkelParticles,0.125,1.7,20,12,2019-01-29T13:20:57.045,1,4.8657009606970085,0.383966157,0,30,4.116122757747133,5.441527755319875,0.8,0.55,0.8,0.55,0.2,0.45
Finkelstein PF,finkel,25,25,bkf.SampleUniform,bkf.MhSampled,30,1,100,1.0,4.0,bkf.FuzzFinkelParticles,0.125,1.7,20,12,2019-01-29T13:20:57.045,1,4.8657009606970085,0.444627397,0,150,45.84128138863116,41.64686118991845,0.55,0.35,0.55,0.35,0.45,0.65
Finkelstein PF,finkel,25,25,bkf.SampleUniform,bkf.MhSampled,30,1,100,1.0,4.0,bkf.FuzzFinkelParticles,0.125,1.7,20,12,2019-01-29T13:20:57.045,1,4.8657009606970085,0.808993627,0,500,158.02338934683175,155.53353213758814,0.65,0.5,0.65,0.5,0.35,0.5
Finkelstein PF,finkel,25,25,bkf.SampleUniform,bkf.MhSampled,10,1,100,1.0,4.0,bkf.FuzzFinkelParticles,0.125,1.7,20,12,2019-01-29T13:20:57.045,1,4.8657009606970085,0.319048298,0,30,4.825163368284106,6.085566778360624,0.45,0.4,0.45,0.4,0.55,0.6
Finkelstein PF,finkel,25,25,bkf.SampleUniform,bkf.MhSampled,10,1,100,1.0,4.0,bkf.FuzzFinkelParticles,0.125,1.7,20,12,2019-01-29T13:20:57.045,1,4.8657009606970085,0.42929415,0,150,40.759981503545895,40.895224118699716,0.3,0.2,0.3,0.2,0.7,0.8
Finkelstein PF,finkel,25,25,bkf.SampleUniform,bkf.MhSampled,10,1,100,1.0,4.0,bkf.FuzzFinkelParticles,0.125,1.7,20,12,2019-01-29T13:20:57.045,1,4.8657009606970085,0.509300467,0,500,137.81341503717803,138.9471888419336,0.35,0.6,0.35,0.6,0.65,0.4
Finkelstein PF,finkel,25,25,bkf.SampleLog,bkf.MhSampled,30,1,100,1.0,4.0,bkf.FuzzFinkelParticles,0.125,1.7,20,12,2019-01-29T13:20:57.045,1,4.8657009606970085,0.405749176,0,30,4.482411100407407,6.8341767698092655,0.75,0.15,0.75,0.15,0.25,0.85
Finkelstein PF,finkel,25,25,bkf.SampleLog,bkf.MhSampled,30,1,100,1.0,4.0,bkf.FuzzFinkelParticles,0.125,1.7,20,12,2019-01-29T13:20:57.045,1,4.8657009606970085,0.49487229,0,150,43.416828487689614,53.92291806127954,0.5,0.65,0.5,0.65,0.5,0.35
Finkelstein PF,finkel,25,25,bkf.SampleLog,bkf.MhSampled,30,1,100,1.0,4.0,bkf.FuzzFinkelParticles,0.125,1.7,20,12,2019-01-29T13:20:57.045,1,4.8657009606970085,0.760139492,0,500,181.18773769777005,177.05289313437908,0.5,0.55,0.5,0.55,0.5,0.45
Finkelstein PF,finkel,25,25,bkf.SampleUniform,bkf.MhSampled,10,1,100,1.0,4.0,bkf.FuzzFinkelParticles,0.125,1.7,20,12,2019-01-29T13:20:57.045,1,4.8657009606970085,0.288679637,0,30,6.048456254169794,4.127248991390403,0.6,0.25,0.6,0.25,0.4,0.75
Finkelstein PF,finkel,25,25,bkf.SampleUniform,bkf.MhSampled,10,1,100,1.0,4.0,bkf.FuzzFinkelParticles,0.125,1.7,20,12,2019-01-29T13:20:57.045,1,4.8657009606970085,0.37808298,0,150,36.352901048254644,39.05485206912037,0.45,0.45,0.45,0.45,0.55,0.55
Finkelstein PF,finkel,25,25,bkf.SampleUniform,bkf.MhSampled,10,1,100,1.0,4.0,bkf.FuzzFinkelParticles,0.125,1.7,20,12,2019-01-29T13:20:57.045,1,4.8657009606970085,0.582015389,0,500,141.80830907096885,140.59270235674097,0.2,0.55,0.2,0.55,0.8,0.45
Finkelstein PF,finkel,25,25,bkf.SampleUniform,bkf.MhSampled,30,1,100,1.0,4.0,bkf.FuzzFinkelParticles,0.125,1.7,20,13,2019-01-29T13:20:57.045,1,3.4530263494213527,0.355138724,0,30,5.090047719036528,5.2456522570589454,0.7,0.35,0.7,0.35,0.3,0.65
Finkelstein PF,finkel,25,25,bkf.SampleUniform,bkf.MhSampled,30,1,100,1.0,4.0,bkf.FuzzFinkelParticles,0.125,1.7,20,13,2019-01-29T13:20:57.045,1,3.4530263494213527,0.440107922,0,150,35.4709883569133,44.82916712736036,0.65,0.5,0.65,0.5,0.35,0.5
Finkelstein PF,finkel,25,25,bkf.SampleUniform,bkf.MhSampled,30,1,100,1.0,4.0,bkf.FuzzFinkelParticles,0.125,1.7,20,13,2019-01-29T13:20:57.045,1,3.4530263494213527,0.92300824,0,500,152.83482306253194,155.75764715619144,0.35,0.5,0.35,0.5,0.65,0.5
Finkelstein PF,finkel,25,25,bkf.SampleUniform,bkf.MhSampled,10,1,100,1.0,4.0,bkf.FuzzFinkelParticles,0.125,1.7,20,13,2019-01-29T13:20:57.045,1,3.4530263494213527,0.297059193,0,30,4.448540850968717,4.682597616015995,0.6,0.3,0.6,0.3,0.4,0.7
Finkelstein PF,finkel,25,25,bkf.SampleUniform,bkf.MhSampled,10,1,100,1.0,4.0,bkf.FuzzFinkelParticles,0.125,1.7,20,13,2019-01-29T13:20:57.045,1,3.4530263494213527,0.337654376,0,150,44.16610030433225,38.962154626240284,0.6,0.4,0.6,0.4,0.4,0.6
Finkelstein PF,finkel,25,25,bkf.SampleUniform,bkf.MhSampled,10,1,100,1.0,4.0,bkf.FuzzFinkelParticles,0.125,1.7,20,13,2019-01-29T13:20:57.045,1,3.4530263494213527,0.495993932,0,500,145.75506409732165,137.7819843567129,0.45,0.4,0.45,0.4,0.55,0.6
Finkelstein PF,finkel,25,25,bkf.SampleLog,bkf.MhSampled,30,1,100,1.0,4.0,bkf.FuzzFinkelParticles,0.125,1.7,20,13,2019-01-29T13:20:57.045,1,3.4530263494213527,0.317456747,0,30,7.757529720209608,5.984738046679815,0.85,0.4,0.85,0.4,0.15,0.6
Finkelstein PF,finkel,25,25,bkf.SampleLog,bkf.MhSampled,30,1,100,1.0,4.0,bkf.FuzzFinkelParticles,0.125,1.7,20,13,2019-01-29T13:20:57.045,1,3.4530263494213527,0.57381079,0,150,43.75777739093845,46.02184576852954,0.35,0.45,0.35,0.45,0.65,0.55
Finkelstein PF,finkel,25,25,bkf.SampleLog,bkf.MhSampled,30,1,100,1.0,4.0,bkf.FuzzFinkelParticles,0.125,1.7,20,13,2019-01-29T13:20:57.045,1,3.4530263494213527,0.808131715,0,500,171.6537628449184,168.85697924719085,0.55,0.7,0.55,0.7,0.45,0.3
Finkelstein PF,finkel,25,25,bkf.SampleUniform,bkf.MhSampled,10,1,100,1.0,4.0,bkf.FuzzFinkelParticles,0.125,1.7,20,13,2019-01-29T13:20:57.045,1,3.4530263494213527,0.44723215,0,30,6.4089381660591584,4.850999950515723,0.65,0.4,0.65,0.4,0.35,0.6
Finkelstein PF,finkel,25,25,bkf.SampleUniform,bkf.MhSampled,10,1,100,1.0,4.0,bkf.FuzzFinkelParticles,0.125,1.7,20,13,2019-01-29T13:20:57.045,1,3.4530263494213527,0.886741129,0,150,42.424576343386086,44.11824461228583,0.5,0.65,0.5,0.65,0.5,0.35
Finkelstein PF,finkel,25,25,bkf.SampleUniform,bkf.MhSampled,10,1,100,1.0,4.0,bkf.FuzzFinkelParticles,0.125,1.7,20,13,2019-01-29T13:20:57.045,1,3.4530263494213527,0.74461318,0,500,167.55457188311127,162.3870001320326,0.5,0.45,0.5,0.45,0.5,0.55
Finkelstein PF,finkel,25,25,bkf.SampleUniform,bkf.MhSampled,30,1,100,1.0,4.0,bkf.FuzzFinkelParticles,0.125,1.7,20,14,2019-01-29T13:20:57.045,1,2.8656983904092277,0.531413524,0,30,3.944390893172964,4.938968446741603,0.6,0.35,0.6,0.35,0.4,0.65
Finkelstein PF,finkel,25,25,bkf.SampleUniform,bkf.MhSampled,30,1,100,1.0,4.0,bkf.FuzzFinkelParticles,0.125,1.7,20,14,2019-01-29T13:20:57.045,1,2.8656983904092277,0.77507788,0,150,38.767314475733784,43.93782823982069,0.45,0.3,0.45,0.3,0.55,0.7
Finkelstein PF,finkel,25,25,bkf.SampleUniform,bkf.MhSampled,30,1,100,1.0,4.0,bkf.FuzzFinkelParticles,0.125,1.7,20,14,2019-01-29T13:20:57.045,1,2.8656983904092277,1.301278149,0,500,156.02661221332548,161.9875219784745,0.35,0.5,0.35,0.5,0.65,0.5
Finkelstein PF,finkel,25,25,bkf.SampleUniform,bkf.MhSampled,10,1,100,1.0,4.0,bkf.FuzzFinkelParticles,0.125,1.7,20,14,2019-01-29T13:20:57.045,1,2.8656983904092277,0.634955337,0,30,4.585965848720347,7.027637402511094,0.5,0.4,0.5,0.4,0.5,0.6
Finkelstein PF,finkel,25,25,bkf.SampleUniform,bkf.MhSampled,10,1,100,1.0,4.0,bkf.FuzzFinkelParticles,0.125,1.7,20,14,2019-01-29T13:20:57.045,1,2.8656983904092277,0.529486233,0,150,38.16912906589171,33.04958027643146,0.45,0.3,0.45,0.3,0.55,0.7
Finkelstein PF,finkel,25,25,bkf.SampleUniform,bkf.MhSampled,10,1,100,1.0,4.0,bkf.FuzzFinkelParticles,0.125,1.7,20,14,2019-01-29T13:20:57.045,1,2.8656983904092277,0.541377905,0,500,132.34730987122094,129.79620510981255,0.35,0.4,0.35,0.4,0.65,0.6
Finkelstein PF,finkel,25,25,bkf.SampleLog,bkf.MhSampled,30,1,100,1.0,4.0,bkf.FuzzFinkelParticles,0.125,1.7,20,14,2019-01-29T13:20:57.045,1,2.8656983904092277,0.489080939,0,30,5.548177621483471,6.189213591191399,0.6,0.35,0.6,0.35,0.4,0.65
Finkelstein PF,finkel,25,25,bkf.SampleLog,bkf.MhSampled,30,1,100,1.0,4.0,bkf.FuzzFinkelParticles,0.125,1.7,20,14,2019-01-29T13:20:57.045,1,2.8656983904092277,0.635330652,0,150,39.22915355971779,39.96287567976252,0.55,0.5,0.55,0.5,0.45,0.5
Finkelstein PF,finkel,25,25,bkf.SampleLog,bkf.MhSampled,30,1,100,1.0,4.0,bkf.FuzzFinkelParticles,0.125,1.7,20,14,2019-01-29T13:20:57.045,1,2.8656983904092277,1.082325517,0,500,147.33571485644944,144.16695010254688,0.35,0.3,0.35,0.3,0.65,0.7
Finkelstein PF,finkel,25,25,bkf.SampleUniform,bkf.MhSampled,10,1,100,1.0,4.0,bkf.FuzzFinkelParticles,0.125,1.7,20,14,2019-01-29T13:20:57.045,1,2.8656983904092277,0.423289677,0,30,4.852212913622698,5.224666152615612,0.6,0.4,0.6,0.4,0.4,0.6
Finkelstein PF,finkel,25,25,bkf.SampleUniform,bkf.MhSampled,10,1,100,1.0,4.0,bkf.FuzzFinkelParticles,0.125,1.7,20,14,2019-01-29T13:20:57.045,1,2.8656983904092277,0.52702228,0,150,39.26326610362325,36.228841861295486,0.4,0.5,0.4,0.5,0.6,0.5
Finkelstein PF,finkel,25,25,bkf.SampleUniform,bkf.MhSampled,10,1,100,1.0,4.0,bkf.FuzzFinkelParticles,0.125,1.7,20,14,2019-01-29T13:20:57.045,1,2.8656983904092277,0.794940409,0,500,118.81919795944145,128.912257207796,0.55,0.45,0.55,0.45,0.45,0.55
Finkelstein PF,finkel,25,25,bkf.SampleUniform,bkf.MhSampled,30,1,100,1.0,4.0,bkf.FuzzFinkelParticles,0.125,1.7,20,15,2019-01-29T13:20:57.045,1,0.1523978109373756,0.515320723,0,30,5.9638113292023,7.05527234920689,0.7,0.35,0.7,0.35,0.3,0.65
Finkelstein PF,finkel,25,25,bkf.SampleUniform,bkf.MhSampled,30,1,100,1.0,4.0,bkf.FuzzFinkelParticles,0.125,1.7,20,15,2019-01-29T13:20:57.045,1,0.1523978109373756,0.49904145,0,150,43.12242325971743,38.13861695401499,0.3,0.4,0.3,0.4,0.7,0.6
Finkelstein PF,finkel,25,25,bkf.SampleUniform,bkf.MhSampled,30,1,100,1.0,4.0,bkf.FuzzFinkelParticles,0.125,1.7,20,15,2019-01-29T13:20:57.045,1,0.1523978109373756,0.832141409,0,500,148.74742371780397,148.0402503310372,0.45,0.35,0.45,0.35,0.55,0.65
Finkelstein PF,finkel,25,25,bkf.SampleUniform,bkf.MhSampled,10,1,100,1.0,4.0,bkf.FuzzFinkelParticles,0.125,1.7,20,15,2019-01-29T13:20:57.045,1,0.1523978109373756,0.318984167,0,30,6.930615182901738,5.386070080476023,0.8,0.3,0.8,0.3,0.2,0.7
Finkelstein PF,finkel,25,25,bkf.SampleUniform,bkf.MhSampled,10,1,100,1.0,4.0,bkf.FuzzFinkelParticles,0.125,1.7,20,15,2019-01-29T13:20:57.045,1,0.1523978109373756,0.594876963,0,150,40.94439656447006,41.767947260095255,0.65,0.35,0.65,0.35,0.35,0.65
Finkelstein PF,finkel,25,25,bkf.SampleUniform,bkf.MhSampled,10,1,100,1.0,4.0,bkf.FuzzFinkelParticles,0.125,1.7,20,15,2019-01-29T13:20:57.045,1,0.1523978109373756,0.530702351,0,500,151.25376357223075,152.4090705455006,0.7,0.45,0.7,0.45,0.3,0.55
Finkelstein PF,finkel,25,25,bkf.SampleLog,bkf.MhSampled,30,1,100,1.0,4.0,bkf.FuzzFinkelParticles,0.125,1.7,20,15,2019-01-29T13:20:57.045,1,0.1523978109373756,0.36297066,0,30,6.93392552993417,8.182440671054803,0.75,0.15,0.75,0.15,0.25,0.85
Finkelstein PF,finkel,25,25,bkf.SampleLog,bkf.MhSampled,30,1,100,1.0,4.0,bkf.FuzzFinkelParticles,0.125,1.7,20,15,2019-01-29T13:20:57.045,1,0.1523978109373756,0.581030783,0,150,48.47816453789767,47.03143425404055,0.45,0.45,0.45,0.45,0.55,0.55
Finkelstein PF,finkel,25,25,bkf.SampleLog,bkf.MhSampled,30,1,100,1.0,4.0,bkf.FuzzFinkelParticles,0.125,1.7,20,15,2019-01-29T13:20:57.045,1,0.1523978109373756,1.286018196,0,500,181.67800394167523,186.90212388079414,0.45,0.55,0.45,0.55,0.55,0.45
Finkelstein PF,finkel,25,25,bkf.SampleUniform,bkf.MhSampled,10,1,100,1.0,4.0,bkf.FuzzFinkelParticles,0.125,1.7,20,15,2019-01-29T13:20:57.045,1,0.1523978109373756,0.49152952,0,30,4.615026256946058,4.474978050560432,0.65,0.35,0.65,0.35,0.35,0.65
Finkelstein PF,finkel,25,25,bkf.SampleUniform,bkf.MhSampled,10,1,100,1.0,4.0,bkf.FuzzFinkelParticles,0.125,1.7,20,15,2019-01-29T13:20:57.045,1,0.1523978109373756,0.396245109,0,150,42.54035807691566,45.885279430860905,0.55,0.4,0.55,0.4,0.45,0.6
Finkelstein PF,finkel,25,25,bkf.SampleUniform,bkf.MhSampled,10,1,100,1.0,4.0,bkf.FuzzFinkelParticles,0.125,1.7,20,15,2019-01-29T13:20:57.045,1,0.1523978109373756,0.632991077,0,500,155.84699959820824,155.88477288778245,0.5,0.35,0.5,0.35,0.5,0.65
Finkelstein PF,finkel,25,25,bkf.SampleUniform,bkf.MhSampled,30,1,100,1.0,4.0,bkf.FuzzFinkelParticles,0.125,1.7,20,16,2019-01-29T13:20:57.045,1,5.646114353064828,0.413075236,0,30,4.470405472085099,6.310762699646557,0.7,0.45,0.7,0.45,0.3,0.55
Finkelstein PF,finkel,25,25,bkf.SampleUniform,bkf.MhSampled,30,1,100,1.0,4.0,bkf.FuzzFinkelParticles,0.125,1.7,20,16,2019-01-29T13:20:57.045,1,5.646114353064828,0.623413942,0,150,48.54333963134881,50.26042517464522,0.45,0.4,0.45,0.4,0.55,0.6
Finkelstein PF,finkel,25,25,bkf.SampleUniform,bkf.MhSampled,30,1,100,1.0,4.0,bkf.FuzzFinkelParticles,0.125,1.7,20,16,2019-01-29T13:20:57.045,1,5.646114353064828,1.157326389,0,500,180.87171613605446,178.29424529447846,0.4,0.3,0.4,0.3,0.6,0.7
Finkelstein PF,finkel,25,25,bkf.SampleUniform,bkf.MhSampled,10,1,100,1.0,4.0,bkf.FuzzFinkelParticles,0.125,1.7,20,16,2019-01-29T13:20:57.045,1,5.646114353064828,0.471282741,0,30,5.541662675868591,4.996597469260552,0.5,0.35,0.5,0.35,0.5,0.65
Finkelstein PF,finkel,25,25,bkf.SampleUniform,bkf.MhSampled,10,1,100,1.0,4.0,bkf.FuzzFinkelParticles,0.125,1.7,20,16,2019-01-29T13:20:57.045,1,5.646114353064828,0.522014581,0,150,33.172275121631095,28.858745654021202,0.4,0.25,0.4,0.25,0.6,0.75
Finkelstein PF,finkel,25,25,bkf.SampleUniform,bkf.MhSampled,10,1,100,1.0,4.0,bkf.FuzzFinkelParticles,0.125,1.7,20,16,2019-01-29T13:20:57.045,1,5.646114353064828,0.751775796,0,500,130.90403616405078,117.22058419390116,0.45,0.5,0.45,0.5,0.55,0.5
Finkelstein PF,finkel,25,25,bkf.SampleLog,bkf.MhSampled,30,1,100,1.0,4.0,bkf.FuzzFinkelParticles,0.125,1.7,20,16,2019-01-29T13:20:57.045,1,5.646114353064828,0.677565233,0,30,5.930133619458418,5.4486910775977515,0.4,0.3,0.4,0.3,0.6,0.7
Finkelstein PF,finkel,25,25,bkf.SampleLog,bkf.MhSampled,30,1,100,1.0,4.0,bkf.FuzzFinkelParticles,0.125,1.7,20,16,2019-01-29T13:20:57.045,1,5.646114353064828,1.090522916,0,150,38.90599093304634,47.199856490476954,0.45,0.3,0.45,0.3,0.55,0.7
