"model","dimension","rep","steps","nfp","nfapf","npf","nIter","numMhAccepts","kl","covdiv","meandiv","entropydiv","histPerLoc","sampType","runtime","errorType","sqerr","mhType","useForward","neighborhoodsize","mvlmean","mvlvar","klideal","covdivideal","meandivideal","entropydivideal"
"truth",30,1,1,,,,,0,,,,,0,"none",,,,"none",,,-0.6801025735,0,,,,
"observed",30,1,1,,,,,0,,,,,0,"none",,,,"none",,,-1.6639952149,0,,,,
"ideal",30,1,1,40,320,1600,0,0,,,,,0,"none",,,10.7545916313,"none",,,0,15,,,,
"particle",30,1,1,40,320,1600,0,0,0.0400155223,0.0350844995,0.0369694168,-0.032038394,0,"none",,,10.526447031,"none",,,-0.0325689986,15.4529626976,,,,
"franken",30,1,1,40,320,1600,0,0,0.3239171525,0.0591951802,0.307807765,-0.0430857927,0,"none",,,10.2565906385,"none",,3,0.0417153929,15.4928825602,0.1435575926,0.0655060424,0.1316608497,-0.0536092995
"truth",30,1,2,,,,,0,,,,,0,"none",,,,"none",,,-1.5500686748,0,,,,
"observed",30,1,2,,,,,0,0.3964813935,0,0.3964813935,0,0,"none",,,,"none",,,-1.4300056075,3,,,,
"ideal",30,1,2,40,320,1600,0,0,0.0031987838,0.0207398027,0.0003159818,-0.0178570007,0,"none",,,1.0414604104,"none",,,-1.0820942876,2.2404347605,,,,
"particle",30,1,2,40,320,1600,0,0,211584.292921118,211603.538421642,0.0035396533,-19.2490401779,0,"none",0.156717177,,1.817348058,"none",,,-1.3447111122,0.0040356315,,,,
"franken",30,1,2,40,320,1600,0,0,0.1883141095,0.295728424,0.0445705864,-0.1519849009,0,"none",0.166633093,,1.1086316226,"none",,3,-0.8007879894,2.2919621332,,,,
"truth",30,1,3,,,,,0,,,,,0,"none",,,,"none",,,-0.5197110705,0,,,,
"observed",30,1,3,,,,,0,0.3828565083,3.1720657846433E-017,0.3828565083,0,0,"none",,,,"none",,,-0.7872851027,3,,,,
"ideal",30,1,3,40,320,1600,1,0,0.001906287,-0.0039775459,0.0001030942,0.0057807387,0,"none",,,0.5902758479,"none",,,-0.6230238725,1.4561552806,,,,
"particle",30,1,3,40,320,1600,1,0,110.9349256557,117.8026903943,0.0417720807,-6.9095368193,0,"none",0.053423861,,0.7155431431,"none",,,-0.9816751086,0.1049436692,,,,
"franken",30,1,3,40,320,1600,1,0,0.1081773524,0.3001489858,0.0066278634,-0.1985994968,0,"none",0.006683015,,0.5561877775,"none",,3,-0.5294973372,1.0498054951,,,,
"truth",30,1,4,,,,,0,,,,,0,"none",,,,"none",,,-2.1582497107,0,,,,
"observed",30,1,4,,,,,0,0.3300614371,-3.1720657846433E-017,0.3300614371,0,0,"none",,,,"none",,,-2.4502290678,3,,,,
"ideal",30,1,4,40,320,1600,1,0,0.0042318082,0.0310027983,0.000222408,-0.0269933981,0,"none",,,0.5497892554,"none",,,-1.1810380822,1.3126002234,,,,
"particle",30,1,4,40,320,1600,1,0,1572.0438099864,1583.9761156881,0.0015800195,-11.9338857212,0,"none",0.022225184,,0.6035926317,"none",,,-0.2313711808,0.0050800934,,,,
"franken",30,1,4,40,320,1600,1,0,0.0591613889,0.1487686587,0.0040594737,-0.0936667435,0,"none",0.009785223,,0.5260214332,"none",,3,-1.0530191744,1.0989057027,,,,
"truth",30,1,5,,,,,0,,,,,0,"none",,,,"none",,,-1.3178413312,0,,,,
"observed",30,1,5,,,,,0,0.4175464512,-6.34413156928661E-017,0.4175464512,0,0,"none",,,,"none",,,0.794975431,3,,,,
"ideal",30,1,5,40,320,1600,1,0,0.0042156823,-0.0098136412,0.0002847466,0.0137445769,0,"none",,,0.4457780219,"none",,,-0.6176616304,1.2833839659,,,,
"particle",30,1,5,40,320,1600,1,0,13.8281490042,16.4854520543,0.307390948,-2.9646939982,0,"none",0.087410707,,0.5813708093,"none",,,-0.624346995,0.2974522586,,,,
"franken",30,1,5,40,320,1600,1,0,0.1508997967,0.2615579738,0.0054324087,-0.1160905858,0,"none",0.006534253,,0.4469177536,"none",,3,-0.6955866727,1.3027209313,,,,
"truth",30,1,6,,,,,0,,,,,0,"none",,,,"none",,,-3.0154898768,0,,,,
"observed",30,1,6,,,,,0,0.195798244,-1.26882631385732E-016,0.195798244,0,0,"none",,,,"none",,,-1.4311340962,3,,,,
"ideal",30,1,6,40,320,1600,1,0,0.0028925824,0.0154250278,0.0002338856,-0.012766331,0,"none",,,0.7104961892,"none",,,-1.0620522777,1.2772059305,,,,
"particle",30,1,6,40,320,1600,1,0,1.5843854069,2.3298243292,0.0668959532,-0.8123348755,0,"none",0.019068176,,0.8396749426,"none",,,-0.8989782263,1.8877901561,,,,
"franken",30,1,6,40,320,1600,1,0,0.0323247308,0.0985483161,0.0013571908,-0.067580776,0,"none",0.005944121,,0.7259179928,"none",,3,-1.1318557988,1.3688839756,,,,
"truth",30,1,7,,,,,0,,,,,0,"none",,,,"none",,,0.8267196484,0,,,,
"observed",30,1,7,,,,,0,0.1922396139,-1.26882631385732E-016,0.1922396139,0,0,"none",,,,"none",,,-0.4431608976,3,,,,
"ideal",30,1,7,40,320,1600,1,0,0.0035606012,0.0096889536,7.85967072538735E-005,-0.0062069492,0,"none",,,0.5745359494,"none",,,-0.1775540965,1.2758741606,,,,
"particle",30,1,7,40,320,1600,1,0,7.7696065435,10.030848334,0.0941774517,-2.3554192422,0,"none",0.029876612,,0.6304762132,"none",,,-0.0005506219,1.8972194133,,,,
"franken",30,1,7,40,320,1600,1,0,0.0477292055,0.1461722947,0.0018335217,-0.1002766108,0,"none",0.006861535,,0.57197211,"none",,3,-0.2991424968,1.0679140871,,,,
"truth",30,1,8,,,,,0,,,,,0,"none",,,,"none",,,1.3264997733,0,,,,
"observed",30,1,8,,,,,0,0.243001984,-9.51619735392991E-017,0.243001984,0,0,"none",,,,"none",,,4.1132620354,3,,,,
"ideal",30,1,8,40,320,1600,1,0,0.0032092564,0.0281605545,6.48204100496021E-005,-0.0250161185,0,"none",,,0.531397738,"none",,,1.4255183231,1.2755910225,,,,
"particle",30,1,8,40,320,1600,1,0,6.8250568846,8.331754488,0.1240036575,-1.630701261,0,"none",0.078075374,,0.5572135264,"none",,,0.5622014074,0.4781607595,,,,
"franken",30,1,8,40,320,1600,1,0,0.0309210453,0.0174438505,0.0020487359,0.0114284589,0,"none",0.005868873,,0.5419639253,"none",,3,1.2829478902,1.1017355647,,,,
"truth",30,1,9,,,,,0,,,,,0,"none",,,,"none",,,3.6377637353,0,,,,
"observed",30,1,9,,,,,0,0.3583558112,0,0.3583558112,0,0,"none",,,,"none",,,2.0175438092,3,,,,
"ideal",30,1,9,40,320,1600,1,0,0.0039728627,0.0119502946,8.15785356665137E-005,-0.0080590104,0,"none",,,0.7882640696,"none",,,1.7889753258,1.2755328775,,,,
"particle",30,1,9,40,320,1600,1,0,519.1978381059,528.0768798145,0.02028108,-8.8993227886,0,"none",0.026854634,,0.5250175622,"none",,,3.5509759948,0.0791604429,,,,
"franken",30,1,9,40,320,1600,1,0,0.0834242415,0.1450300691,0.0093910079,-0.0709968355,0,"none",0.006694263,,0.8151340577,"none",,3,1.5967217607,1.2370195231,,,,
"truth",30,1,10,,,,,0,,,,,0,"none",,,,"none",,,1.0093068957,0,,,,
"observed",30,1,10,,,,,0,0.1481939292,0,0.1481939292,0,0,"none",,,,"none",,,2.3308937898,3,,,,
"ideal",30,1,10,40,320,1600,1,0,0.003101843,0.0265211374,0.0001157812,-0.0235350756,0,"none",,,0.5266052792,"none",,,1.7169186451,1.2755214072,,,,
"particle",30,1,10,40,320,1600,1,0,1.4885935442,2.66679252,0.0291717686,-1.2073707443,0,"none",0.015692049,,0.500974263,"none",,,1.5898974879,1.0299623034,,,,
"franken",30,1,10,40,320,1600,1,0,0.0228959592,0.0652540943,0.0024708325,-0.0448289676,0,"none",0.011797815,,0.5195380652,"none",,3,1.6404463033,1.1360764475,,,,
"finkel",30,1,2,40,320,1600,40,17293,36495790382757400000000000000,36495790382757400000000000000,0.0537464907,-3.5144401552,15,"bkf.SampleLog",1.425592181,,1.1794706836,"bkf.MhCompromise",1,,-1.170979997,1.3868514446,,,,
"finkel",30,1,3,40,320,1600,40,21852,0.1583069397,0.1003064039,0.0198079618,0.0381925739,15,"bkf.SampleLog",0.880264892,,0.69519997,"bkf.MhCompromise",1,,-0.5713662644,1.0148392502,,,,
"finkel",30,1,4,40,320,1600,40,23044,0.166312996,0.0690079517,0.0225561852,0.0747488592,15,"bkf.SampleLog",1.026395237,,0.5954693724,"bkf.MhCompromise",1,,-0.8301158412,0.9814577581,,,,
"finkel",30,1,5,40,320,1600,40,22040,0.2519548277,0.1516113946,0.0129957473,0.0873476858,15,"bkf.SampleLog",0.545640037,,0.4951360006,"bkf.MhCompromise",1,,-0.4497166473,1.3367648866,,,,
"finkel",30,1,6,40,320,1600,40,24395,0.1279116024,0.1085837581,0.011445349,0.0078824953,15,"bkf.SampleLog",0.531869319,,0.7324546281,"bkf.MhCompromise",1,,-1.2314452692,1.5433764349,,,,
"finkel",30,1,7,40,320,1600,40,23187,0.1324826285,0.1318475779,0.0046250537,-0.0039900032,15,"bkf.SampleLog",0.592690406,,0.5914462801,"bkf.MhCompromise",1,,-0.1185395763,0.8006066725,,,,
"finkel",30,1,8,40,320,1600,40,24001,0.168879917,0.1098777168,0.0139878126,0.0450143876,15,"bkf.SampleLog",0.556487882,,0.5784775209,"bkf.MhCompromise",1,,2.1678265594,1.2969650037,,,,
"finkel",30,1,9,40,320,1600,40,22382,0.2313099171,0.1460256956,0.0309602915,0.05432393,15,"bkf.SampleLog",0.548359245,,0.7119174124,"bkf.MhCompromise",1,,2.1994050394,1.3261653072,,,,
"finkel",30,1,10,40,320,1600,40,23906,0.1565999984,0.1695532293,0.0079762488,-0.0209294797,15,"bkf.SampleLog",0.525430483,,0.5130371361,"bkf.MhCompromise",1,,1.9203687695,1.0041328215,,,,
"finkel",30,1,2,40,320,1600,0,0,12.2329365614,12.3351599457,0.105425427,-0.2076488113,15,"bkf.SampleLog",0.08035968,,1.3470377116,"bkf.MhCompromise",1,,-0.7712317003,3.255769882,,,,
"finkel",30,1,3,40,320,1600,0,0,0.120285197,0.1306222959,0.0163778303,-0.0267149292,15,"bkf.SampleLog",0.003285729,,0.6394334812,"bkf.MhCompromise",1,,-0.373807566,1.4998217133,,,,
"finkel",30,1,4,40,320,1600,0,0,0.2235203977,0.4217615754,0.015437765,-0.2136789426,15,"bkf.SampleLog",0.005122107,,0.5332124475,"bkf.MhCompromise",1,,-1.2333278516,0.9738947038,,,,
"finkel",30,1,5,40,320,1600,0,0,0.3566347672,0.7500467399,0.007539231,-0.4009512037,15,"bkf.SampleLog",0.014309017,,0.4330730846,"bkf.MhCompromise",1,,-0.5254605634,1.4142001376,,,,
"finkel",30,1,6,40,320,1600,0,0,0.1963028653,0.4117645281,0.0078881039,-0.2233497666,15,"bkf.SampleLog",0.013348758,,0.7303469228,"bkf.MhCompromise",1,,-0.8270061766,0.793715117,,,,
"finkel",30,1,7,40,320,1600,0,0,0.2234801377,0.2966023481,0.0075512205,-0.0806734309,15,"bkf.SampleLog",0.003327094,,0.6251604057,"bkf.MhCompromise",1,,-0.3742236495,0.9365713825,,,,
"finkel",30,1,8,40,320,1600,0,0,0.1132179507,0.1528799178,0.005391974,-0.0450539411,15,"bkf.SampleLog",0.002269558,,0.5606156236,"bkf.MhCompromise",1,,1.2014330619,0.8897757738,,,,
"finkel",30,1,9,40,320,1600,0,0,0.1677458655,0.2720559609,0.0156332277,-0.1199433231,15,"bkf.SampleLog",0.034646305,,0.7955259212,"bkf.MhCompromise",1,,1.4303488353,1.4582812014,,,,
"finkel",30,1,10,40,320,1600,0,0,0.1564310996,0.3539597158,0.0098099138,-0.20733853,15,"bkf.SampleLog",0.002952263,,0.555651759,"bkf.MhCompromise",1,,1.8853488071,1.2328399606,,,,
"finkel",30,1,2,40,320,1600,80,40362,0.5356719364,0.5794133349,0.0663191084,-0.1100605069,15,"bkf.SampleLog",0.99535003,,1.1520248419,"bkf.MhCompromise",1,,-0.4778374035,1.93526378,,,,
"finkel",30,1,3,40,320,1600,80,53680,0.1929052915,0.3421882231,0.0107173829,-0.1600003145,15,"bkf.SampleLog",0.826494105,,0.5652852175,"bkf.MhCompromise",1,,-0.5443294749,1.3453272387,,,,
"finkel",30,1,4,40,320,1600,80,55711,0.3350638262,0.3686985191,0.0079085972,-0.04154329,15,"bkf.SampleLog",0.925856647,,0.5296795133,"bkf.MhCompromise",1,,-0.8655275473,0.8127764812,,,,
"finkel",30,1,5,40,320,1600,80,55645,0.2540277618,0.3677064939,0.0048025957,-0.1184813278,15,"bkf.SampleLog",0.886001498,,0.411071256,"bkf.MhCompromise",1,,-0.1911415862,0.6562026847,,,,
"finkel",30,1,6,40,320,1600,80,58339,0.1798695596,0.3673449107,0.0080087458,-0.1954840969,15,"bkf.SampleLog",0.934939051,,0.6821532259,"bkf.MhCompromise",1,,-0.7401214932,1.4109818557,,,,
"finkel",30,1,7,40,320,1600,80,57111,0.1376466098,0.2346007972,0.0060918158,-0.1030460032,15,"bkf.SampleLog",0.886796253,,0.5310942509,"bkf.MhCompromise",1,,-0.5776167897,1.1502031458,,,,
"finkel",30,1,8,40,320,1600,80,55654,0.1125882408,0.089505052,0.0119505063,0.0111326826,15,"bkf.SampleLog",0.916216973,,0.5257977035,"bkf.MhCompromise",1,,1.0492554631,1.0822048511,,,,
"finkel",30,1,9,40,320,1600,80,54734,0.2494082,0.448210229,0.0100511679,-0.2088531969,15,"bkf.SampleLog",0.93101936,,0.7827341013,"bkf.MhCompromise",1,,1.6258768273,2.0019460615,,,,
"finkel",30,1,10,40,320,1600,80,56640,0.1370416542,0.2159974797,0.0187059112,-0.0976617366,15,"bkf.SampleLog",0.886309403,,0.6211742696,"bkf.MhCompromise",1,,2.3659565918,1.2143810497,,,,
"finkel",30,1,2,40,320,1600,20,7027,0.6383075498,0.9760424052,0.0293367926,-0.367071648,15,"bkf.SampleLog",0.415213819,,1.0813831622,"bkf.MhCompromise",1,,-1.357140751,2.2876665247,,,,
"finkel",30,1,3,40,320,1600,20,8959,0.1595545798,0.2261678409,0.0173003094,-0.0839135705,15,"bkf.SampleLog",0.412788263,,0.6722274472,"bkf.MhCompromise",1,,-0.4762725374,1.573591523,,,,
"finkel",30,1,4,40,320,1600,20,8873,0.206134467,0.3011333905,0.017982633,-0.1129815564,15,"bkf.SampleLog",0.384652286,,0.5587570562,"bkf.MhCompromise",1,,-1.0678284531,1.7189828867,,,,
"finkel",30,1,5,40,320,1600,20,9164,0.3614240787,0.6306845996,0.0240157005,-0.2932762214,15,"bkf.SampleLog",0.446469572,,0.5087214379,"bkf.MhCompromise",1,,-1.0396201807,0.8342520907,,,,
"finkel",30,1,6,40,320,1600,20,9286,0.1973167623,0.3595461428,0.0089257098,-0.1711550902,15,"bkf.SampleLog",0.384225491,,0.7551164924,"bkf.MhCompromise",1,,-0.8844239143,0.817926859,,,,
"finkel",30,1,7,40,320,1600,20,9284,0.2325243999,0.3179921516,0.0109011709,-0.0963689226,15,"bkf.SampleLog",0.439607059,,0.6458298197,"bkf.MhCompromise",1,,-0.2393454233,1.3963953259,,,,
"finkel",30,1,8,40,320,1600,20,8830,0.1397960348,0.0868447809,0.0158113387,0.0371399151,15,"bkf.SampleLog",0.417494504,,0.5576605656,"bkf.MhCompromise",1,,1.5129108238,1.6095547625,,,,
"finkel",30,1,9,40,320,1600,20,8947,0.1991481428,0.39556391,0.0148753812,-0.2112911484,15,"bkf.SampleLog",0.386291511,,0.7641009702,"bkf.MhCompromise",1,,1.8252889864,1.6432966992,,,,
"finkel",30,1,10,40,320,1600,20,9184,0.1403759319,0.2716459313,0.0134705131,-0.1447405125,15,"bkf.SampleLog",0.432899994,,0.5206417791,"bkf.MhCompromise",1,,1.5712822232,0.8294538005,,,,
"finkel",30,1,2,40,320,1600,160,91062,0.3162650735,0.455280323,0.0622920217,-0.2013072712,15,"bkf.SampleLog",1.77795004,,1.0766939791,"bkf.MhCompromise",1,,-1.0488634631,1.5138309419,,,,
"finkel",30,1,3,40,320,1600,160,118895,0.2166725457,0.2863374579,0.0159433578,-0.08560827,15,"bkf.SampleLog",1.445750491,,0.58449818,"bkf.MhCompromise",1,,-0.2676769484,1.1285552059,,,,
"finkel",30,1,4,40,320,1600,160,122407,0.1905685291,0.1953137515,0.0344623445,-0.0392075668,15,"bkf.SampleLog",1.484199723,,0.6755768609,"bkf.MhCompromise",1,,-1.2549579661,1.0035605667,,,,
"finkel",30,1,5,40,320,1600,160,116442,0.175299558,0.1298097578,0.0137868654,0.0317029348,15,"bkf.SampleLog",1.409766793,,0.4926210186,"bkf.MhCompromise",1,,-0.8205317759,1.5469745403,,,,
"finkel",30,1,6,40,320,1600,160,125960,0.3678712999,0.483589551,0.0170362447,-0.1327544958,15,"bkf.SampleLog",2.045375252,,0.7753523158,"bkf.MhCompromise",1,,-0.9129423799,0.9938341417,,,,
"finkel",30,1,7,40,320,1600,160,121561,0.303568232,0.5062346754,0.0066172184,-0.2092836618,15,"bkf.SampleLog",1.691290759,,0.5496278862,"bkf.MhCompromise",1,,-0.4340981068,1.0120102436,,,,
"finkel",30,1,8,40,320,1600,160,125800,0.2051303766,0.2700457025,0.0107641733,-0.0756794992,15,"bkf.SampleLog",1.574699307,,0.55476622,"bkf.MhCompromise",1,,1.3719302363,1.1753246788,,,,
"finkel",30,1,9,40,320,1600,160,115065,0.2698407767,0.3416308369,0.0167908288,-0.088580889,15,"bkf.SampleLog",1.482252834,,0.8007257384,"bkf.MhCompromise",1,,1.7896863953,1.3366296047,,,,
"finkel",30,1,10,40,320,1600,160,125706,0.1212945681,0.1034770764,0.0135610084,0.0042564833,15,"bkf.SampleLog",1.536897595,,0.5750145475,"bkf.MhCompromise",1,,1.7952697584,1.1132523273,,,,
"truth",30,2,1,,,,,0,,,,,0,"none",,,,"none",,,1.0093068957,0,,,,
"observed",30,2,1,,,,,0,,,,,0,"none",,,,"none",,,2.3308937898,0,,,,
"ideal",30,2,1,40,320,1600,160,0,,,,,0,"none",,,0.5750145475,"none",,,1.7952697584,1.1132523273,,,,
"particle",30,2,1,40,320,1600,160,0,1.4885935442,2.66679252,0.0291717686,-1.2073707443,0,"none",,,0.500974263,"none",,,1.5898974879,1.0299623034,,,,
"franken",30,2,1,40,320,1600,160,0,0.0230638432,0.0524677503,0.0017920024,-0.0311959095,0,"none",,,0.5220385078,"none",,3,1.6404463033,1.1360764475,0.0228959592,0.0652540943,0.0024708325,-0.0448289676
"truth",30,2,2,,,,,0,,,,,0,"none",,,,"none",,,-1.6798503166,0,,,,
"observed",30,2,2,,,,,0,0.9193930504,0,0.9193930504,0,0,"none",,,,"none",,,-0.3955204013,3,,,,
"ideal",30,2,2,40,320,1600,160,0,0.0027442893,0.0036234107,0.0001863198,-0.0010654412,0,"none",,,1.4376893246,"none",,,0.2175632932,1.2755192285,,,,
"particle",30,2,2,40,320,1600,160,0,252.0238459697,259.8266775327,0.0199346415,-7.8227662046,0,"none",0.025776717,,1.8196012594,"none",,,0.6743651513,0.0131608211,,,,
"franken",30,2,2,40,320,1600,160,0,0.2861673368,0.5735391305,0.0156146893,-0.3029864831,0,"none",0.005265136,,1.8099649796,"none",,3,0.0981251173,1.2176750625,,,,
"truth",30,2,3,,,,,0,,,,,0,"none",,,,"none",,,-0.2718824752,0,,,,
"observed",30,2,3,,,,,0,0.6873699699,0,0.6873699699,0,0,"none",,,,"none",,,-1.1460730856,3,,,,
"ideal",30,2,3,40,320,1600,1,0,0.0038412851,0.0199062033,0.000102969,-0.0161678873,0,"none",,,0.6896000806,"none",,,0.2920581391,1.2755188281,,,,
"particle",30,2,3,40,320,1600,1,0,2.4207261866,3.3786146286,0.189314367,-1.1472028089,0,"none",0.054878238,,1.871666382,"none",,,0.7757135717,0.5105534959,,,,
"franken",30,2,3,40,320,1600,1,0,0.0793562357,0.2130576796,0.0067022823,-0.1404037262,0,"none",0.01125908,,1.4270543488,"none",,3,0.1861422514,1.2990739862,,,,
"truth",30,2,4,,,,,0,,,,,0,"none",,,,"none",,,-0.9186286506,0,,,,
"observed",30,2,4,,,,,0,0.7624440115,-6.34413156928661E-017,0.7624440115,0,0,"none",,,,"none",,,-4.474153742,3,,,,
"ideal",30,2,4,40,320,1600,1,0,0.003526514,-0.0198799823,0.0001314319,0.0232750644,0,"none",,,0.570731624,"none",,,-0.6599300378,1.2755187566,,,,
"particle",30,2,4,40,320,1600,1,0,39.8436998552,42.6488751582,0.4868417491,-3.2920170521,0,"none",0.021319817,,1.0295191092,"none",,,-1.5769650218,1.9869212336,,,,
"franken",30,2,4,40,320,1600,1,0,0.054430773,0.1543118608,0.002575054,-0.1024561418,0,"none",0.005836117,,1.2359123609,"none",,3,-0.5968042377,1.1755908426,,,,
"truth",30,2,5,,,,,0,,,,,0,"none",,,,"none",,,1.6630496858,0,,,,
"observed",30,2,5,,,,,0,0.8032566169,0,0.8032566169,0,0,"none",,,,"none",,,0.0830747058,3,,,,
"ideal",30,2,5,40,320,1600,1,0,0.0039716208,0.0075968712,0.0001346939,-0.0037599443,0,"none",,,0.4486405423,"none",,,-0.3699614765,1.2755187441,,,,
"particle",30,2,5,40,320,1600,1,0,77.0067031678,82.0985802385,0.1757657634,-5.267642834,0,"none",0.021621824,,1.6523774039,"none",,,-2.4625945896,0.4211606281,,,,
"franken",30,2,5,40,320,1600,1,0,0.0886916735,0.1032440391,0.0066234038,-0.0211757694,0,"none",0.007207134,,1.2768655976,"none",,3,-0.4665986266,1.1964663165,,,,
"truth",30,2,6,,,,,0,,,,,0,"none",,,,"none",,,-3.8520498197,0,,,,
"observed",30,2,6,,,,,0,0.8983568735,0,0.8983568735,0,0,"none",,,,"none",,,-3.3510591468,3,,,,
"ideal",30,2,6,40,320,1600,1,0,0.003318806,-0.0027495676,0.0001534908,0.0059148828,0,"none",,,0.7238528153,"none",,,-0.9475089908,1.275518742,,,,
"particle",30,2,6,40,320,1600,1,0,4.0235198454,5.8112316514,0.0315030359,-1.8192148419,0,"none",0.021758242,,1.2411888626,"none",,,-1.4642850032,0.6278814078,,,,
"franken",30,2,6,40,320,1600,1,0,0.0369465912,0.1628914308,0.0012741522,-0.1272189918,0,"none",0.014963934,,1.3957336933,"none",,3,-0.9222525544,1.0898002112,,,,
"truth",30,2,7,,,,,0,,,,,0,"none",,,,"none",,,-0.6061699826,0,,,,
"observed",30,2,7,,,,,0,0.652218636,0,0.652218636,0,0,"none",,,,"none",,,-2.1664715799,3,,,,
"ideal",30,2,7,40,320,1600,1,0,0.0035771352,-0.0142428397,0.0001527086,0.0176672663,0,"none",,,0.5753716238,"none",,,-0.1259181774,1.2755187416,,,,
"particle",30,2,7,40,320,1600,1,0,4.8851093971,6.69191648,0.2269441078,-2.0337511907,0,"none",0.023437444,,1.1335005006,"none",,,0.4758989263,0.9237144782,,,,
"franken",30,2,7,40,320,1600,1,0,0.1077090802,0.3120879924,0.0008433905,-0.2052223027,0,"none",0.007933961,,1.3688367332,"none",,3,-0.2251756613,1.081544194,,,,
"truth",30,2,8,,,,,0,,,,,0,"none",,,,"none",,,1.2099987432,0,,,,
"observed",30,2,8,,,,,0,0.7744875293,-3.1720657846433E-017,0.7744875293,0,0,"none",,,,"none",,,1.2267708326,3,,,,
"ideal",30,2,8,40,320,1600,1,0,0.0031526096,-0.0049744269,0.0001127645,0.008014272,0,"none",,,0.5426116258,"none",,,1.4480008002,1.2755187416,,,,
"particle",30,2,8,40,320,1600,1,0,6.8223107867,8.8109115246,0.0480425135,-2.0366432514,0,"none",0.020589613,,1.2220119857,"none",,,1.9422165826,0.8371407147,,,,
"franken",30,2,8,40,320,1600,1,0,0.0493284698,0.1226331726,0.0026539292,-0.0759586319,0,"none",0.012998855,,1.4712125986,"none",,3,1.3288647093,1.2692301704,,,,
"truth",30,2,9,,,,,0,,,,,0,"none",,,,"none",,,0.7659742531,0,,,,
"observed",30,2,9,,,,,0,1.0215251098,0,1.0215251098,0,0,"none",,,,"none",,,0.9830585059,3,,,,
"ideal",30,2,9,40,320,1600,1,0,0.00321385,0.0172710726,0.0002772491,-0.0143344718,0,"none",,,0.7752706025,"none",,,1.7986260943,1.2755187416,,,,
"particle",30,2,9,40,320,1600,1,0,122.5336835419,129.0241112167,0.0635663653,-6.5539940401,0,"none",0.018846361,,1.1326979599,"none",,,0.8920534333,0.1183347983,,,,
"franken",30,2,9,40,320,1600,1,0,0.0881993324,0.1201440654,0.0063918075,-0.0383365406,0,"none",0.022136658,,0.9366212443,"none",,3,1.7105871765,0.9511576049,,,,
"truth",30,2,10,,,,,0,,,,,0,"none",,,,"none",,,2.2647991639,0,,,,
"observed",30,2,10,,,,,0,0.7709312643,0,0.7709312643,0,0,"none",,,,"none",,,2.405602252,3,,,,
"ideal",30,2,10,40,320,1600,1,0,0.0034672787,-0.0026812653,0.000139136,0.006009408,0,"none",,,0.5234861066,"none",,,1.720993082,1.2755187416,,,,
"particle",30,2,10,40,320,1600,1,0,2.4719446475,3.7360224867,0.0505329686,-1.3146108078,0,"none",0.020631558,,0.9553180874,"none",,,1.814711365,0.9872276247,,,,
"franken",30,2,10,40,320,1600,1,0,0.033265681,0.110200635,0.0046960986,-0.0816310526,0,"none",0.006569708,,0.8448436103,"none",,3,1.5607257177,1.1366829479,,,,
"finkel",30,2,2,40,320,1600,40,17734,4055087820306380000000000000,4055087820306380000000000000,0.0516518202,-3.4454898014,15,"bkf.SampleLog",0.50965582,,1.1372954778,"bkf.MhCompromise",1,,-0.9109476579,2.4249060559,,,,
"finkel",30,2,3,40,320,1600,40,22211,0.21189797,0.2444250853,0.0171118961,-0.0496390113,15,"bkf.SampleLog",0.586139772,,0.6558781764,"bkf.MhCompromise",1,,-0.4002848506,1.3362029666,,,,
"finkel",30,2,4,40,320,1600,40,24223,0.1915831806,0.4020972114,0.0131787287,-0.2236927595,15,"bkf.SampleLog",0.664714117,,0.4821829033,"bkf.MhCompromise",1,,-1.1724127149,0.9479294511,,,,
"finkel",30,2,5,40,320,1600,40,23450,0.1903192449,0.2244835253,0.0464149903,-0.0805792707,15,"bkf.SampleLog",0.575697794,,0.5120991431,"bkf.MhCompromise",1,,-0.8522878392,1.33882875,,,,
"finkel",30,2,6,40,320,1600,40,24864,0.1880102,0.2663313551,0.0098767311,-0.0881978863,15,"bkf.SampleLog",0.646983826,,0.75725627,"bkf.MhCompromise",1,,-1.2752026435,1.1492028669,,,,
"finkel",30,2,7,40,320,1600,40,24082,0.2185965025,0.2546188941,0.0131034266,-0.0491258182,15,"bkf.SampleLog",0.513990824,,0.670829815,"bkf.MhCompromise",1,,-0.4786188772,0.8220843686,,,,
"finkel",30,2,8,40,320,1600,40,23374,0.2229137844,0.3132149997,0.0114153123,-0.1017165275,15,"bkf.SampleLog",0.589068064,,0.5350966617,"bkf.MhCompromise",1,,0.9122241772,1.045175828,,,,
"finkel",30,2,9,40,320,1600,40,21653,0.452524264,0.6011608939,0.0120349983,-0.1606716281,15,"bkf.SampleLog",0.522318266,,0.7590866137,"bkf.MhCompromise",1,,1.4153110671,0.8915607543,,,,
"finkel",30,2,10,40,320,1600,40,25181,0.1616407405,0.3915226333,0.0059826779,-0.2358645707,15,"bkf.SampleLog",0.577125009,,0.53343273,"bkf.MhCompromise",1,,1.5688214244,1.3099907581,,,,
"finkel",30,2,2,40,320,1600,0,0,9123947595689350000000000000,9123947595689350000000000000,0.0942922836,-3.5494585069,15,"bkf.SampleLog",0.002493729,,1.2019460303,"bkf.MhCompromise",1,,-0.6092061485,2.5439166728,,,,
"finkel",30,2,3,40,320,1600,0,0,0.2485764545,0.3061366029,0.035814388,-0.0933745365,15,"bkf.SampleLog",0.002514122,,0.7080796613,"bkf.MhCompromise",1,,-0.2177429999,1.9480877266,,,,
"finkel",30,2,4,40,320,1600,0,0,0.1400074236,0.1682113253,0.0125743544,-0.0407782561,15,"bkf.SampleLog",0.003932853,,0.5566185581,"bkf.MhCompromise",1,,-1.1074183198,1.3326391632,,,,
"finkel",30,2,5,40,320,1600,0,0,0.2799622188,0.632543966,0.0087939981,-0.3613757453,15,"bkf.SampleLog",0.003009057,,0.393570877,"bkf.MhCompromise",1,,-0.3988698836,1.6286187835,,,,
"finkel",30,2,6,40,320,1600,0,0,0.2035485817,0.4202121862,0.0178180637,-0.2344816681,15,"bkf.SampleLog",0.00247636,,0.7255283073,"bkf.MhCompromise",1,,-0.772161957,0.5225931836,,,,
"finkel",30,2,7,40,320,1600,0,0,0.1262380318,0.2379883802,0.0125578978,-0.1243082462,15,"bkf.SampleLog",0.009356119,,0.5435430702,"bkf.MhCompromise",1,,-0.0789339995,1.3628922181,,,,
"finkel",30,2,8,40,320,1600,0,0,0.2362780635,0.3510780359,0.0217027363,-0.1365027087,15,"bkf.SampleLog",0.013140615,,0.4568977024,"bkf.MhCompromise",1,,0.933764553,0.9037960226,,,,
"finkel",30,2,9,40,320,1600,0,0,0.3455383998,0.6172499523,0.01345275,-0.2851643025,15,"bkf.SampleLog",0.004484372,,0.7650178865,"bkf.MhCompromise",1,,1.660990077,1.2005922672,,,,
"finkel",30,2,10,40,320,1600,0,0,0.1048559329,0.1833951365,0.0097404081,-0.0882796117,15,"bkf.SampleLog",0.003110871,,0.5107692254,"bkf.MhCompromise",1,,1.1558913728,0.8769856133,,,,
"finkel",30,2,2,40,320,1600,80,39858,2280986898922340000000000000,2280986898922340000000000000,0.0463732611,-3.2765207463,15,"bkf.SampleLog",1.369223404,,1.1263863802,"bkf.MhCompromise",1,,-0.9542223562,1.7388075597,,,,
"finkel",30,2,3,40,320,1600,80,54417,0.2634146989,0.4738676313,0.0122231626,-0.2226760949,15,"bkf.SampleLog",0.95331355,,0.5395742146,"bkf.MhCompromise",1,,-0.4368472986,1.3220750868,,,,
"finkel",30,2,4,40,320,1600,80,56695,0.1773173313,0.3505458849,0.0113523584,-0.184580912,15,"bkf.SampleLog",0.897862083,,0.5444906266,"bkf.MhCompromise",1,,-1.1478633103,1.279868158,,,,
"finkel",30,2,5,40,320,1600,80,52985,0.1905990676,0.1630275001,0.0067317192,0.0208398483,15,"bkf.SampleLog",0.892304759,,0.4493807732,"bkf.MhCompromise",1,,-0.1613290773,1.097158472,,,,
"finkel",30,2,6,40,320,1600,80,55308,0.1956276642,0.1016344883,0.0169450656,0.0770481102,15,"bkf.SampleLog",0.958411637,,0.691138957,"bkf.MhCompromise",1,,-0.679683295,1.3856531102,,,,
"finkel",30,2,7,40,320,1600,80,55831,0.2011928749,0.2184687081,0.0141503126,-0.0314261458,15,"bkf.SampleLog",0.870290075,,0.552532997,"bkf.MhCompromise",1,,-0.0292114299,0.4286196834,,,,
"finkel",30,2,8,40,320,1600,80,55549,0.2370613766,0.2974123304,0.0127963378,-0.0731472916,15,"bkf.SampleLog",0.821916074,,0.5226678381,"bkf.MhCompromise",1,,0.9560955108,0.9705459054,,,,
"finkel",30,2,9,40,320,1600,80,54388,0.3875839559,0.7578936417,0.0113644074,-0.3816740932,15,"bkf.SampleLog",1.137260869,,0.7078600784,"bkf.MhCompromise",1,,1.6939569578,1.3545425063,,,,
"finkel",30,2,10,40,320,1600,80,58770,0.1561646586,0.2420419102,0.004775511,-0.0906527626,15,"bkf.SampleLog",0.845580657,,0.5104316386,"bkf.MhCompromise",1,,1.7635080518,1.1587222157,,,,
"finkel",30,2,2,40,320,1600,20,7619,0.4487460202,0.7482334107,0.0332681248,-0.3327555153,15,"bkf.SampleLog",0.358325234,,1.0063563092,"bkf.MhCompromise",1,,-1.1551972165,1.4916796268,,,,
"finkel",30,2,3,40,320,1600,20,8786,0.2577175364,0.3497672403,0.0282504665,-0.1203001704,15,"bkf.SampleLog",0.457346916,,0.64179016,"bkf.MhCompromise",1,,-0.8797176254,0.9878193883,,,,
"finkel",30,2,4,40,320,1600,20,9238,0.2469176823,0.435125557,0.0096051203,-0.197812995,15,"bkf.SampleLog",0.363777821,,0.4918388768,"bkf.MhCompromise",1,,-1.2448469205,1.6073257875,,,,
"finkel",30,2,5,40,320,1600,20,8983,0.1343065227,0.1102923841,0.0137923447,0.0102217939,15,"bkf.SampleLog",0.363166467,,0.4172117957,"bkf.MhCompromise",1,,-0.8710163816,1.2114450336,,,,
"finkel",30,2,6,40,320,1600,20,9749,0.2363634553,0.3123424458,0.011231137,-0.0872101275,15,"bkf.SampleLog",0.454842058,,0.7480238102,"bkf.MhCompromise",1,,-0.5598752859,1.6294962124,,,,
"finkel",30,2,7,40,320,1600,20,9000,0.162736281,0.1102600265,0.0064323288,0.0460439257,15,"bkf.SampleLog",0.369618451,,0.6291162984,"bkf.MhCompromise",1,,-0.2658315507,1.745566179,,,,
"finkel",30,2,8,40,320,1600,20,8827,0.2285530081,0.4479825027,0.0086642038,-0.2280936984,15,"bkf.SampleLog",0.372410001,,0.5024019629,"bkf.MhCompromise",1,,1.1678097652,0.5817556932,,,,
"finkel",30,2,9,40,320,1600,20,8828,0.2658827142,0.3908520937,0.0070268612,-0.1319962408,15,"bkf.SampleLog",0.416707241,,0.7208566786,"bkf.MhCompromise",1,,2.0770926806,1.6394729896,,,,
"finkel",30,2,10,40,320,1600,20,9143,0.2430860645,0.2830357449,0.0103856047,-0.0503352851,15,"bkf.SampleLog",0.353234004,,0.6083736401,"bkf.MhCompromise",1,,1.8254804715,0.8711006021,,,,
"finkel",30,2,2,40,320,1600,160,93071,0.547847868,0.7438389565,0.0501264228,-0.2461175113,15,"bkf.SampleLog",1.415321372,,1.1394875778,"bkf.MhCompromise",1,,-0.9038841153,2.1427195777,,,,
"finkel",30,2,3,40,320,1600,160,121123,0.2771493684,0.5623589909,0.0142368153,-0.2994464378,15,"bkf.SampleLog",1.471355491,,0.5557259187,"bkf.MhCompromise",1,,-0.4083106466,1.1801294583,,,,
"finkel",30,2,4,40,320,1600,160,123262,0.1891298317,0.3454725384,0.0198256727,-0.1761683795,15,"bkf.SampleLog",1.39869005,,0.5721185,"bkf.MhCompromise",1,,-1.3910581334,0.6576084548,,,,
"finkel",30,2,5,40,320,1600,160,119735,0.1836089983,0.2742086294,0.0087944243,-0.0993940553,15,"bkf.SampleLog",1.385135051,,0.419249402,"bkf.MhCompromise",1,,-0.7764326399,0.9266809991,,,,
"finkel",30,2,6,40,320,1600,160,124394,0.1893994634,0.3018423986,0.0183114376,-0.1307543728,15,"bkf.SampleLog",1.442206914,,0.6630749061,"bkf.MhCompromise",1,,-1.0360784207,1.1111702505,,,,
"finkel",30,2,7,40,320,1600,160,123458,0.0913804768,-0.0735186019,0.0129408022,0.1519582764,15,"bkf.SampleLog",1.43881593,,0.6310537977,"bkf.MhCompromise",1,,-0.4355725963,1.5353756738,,,,
"finkel",30,2,8,40,320,1600,160,122668,0.1661339491,0.2555056081,0.007229757,-0.096601416,15,"bkf.SampleLog",1.624757227,,0.5115283904,"bkf.MhCompromise",1,,1.4484026681,1.0862097699,,,,
"finkel",30,2,9,40,320,1600,160,121608,0.0917624014,-0.0122709643,0.0092806717,0.094752694,15,"bkf.SampleLog",1.40500587,,0.7349605506,"bkf.MhCompromise",1,,1.9116416538,1.40922064,,,,
"finkel",30,2,10,40,320,1600,160,123667,0.1418690694,-0.1601973969,0.0042964671,0.2977699993,15,"bkf.SampleLog",1.458093394,,0.5821749309,"bkf.MhCompromise",1,,1.6537748287,1.2958128965,,,,
"truth",30,3,1,,,,,0,,,,,0,"none",,,,"none",,,2.2647991639,0,,,,
"observed",30,3,1,,,,,0,,,,,0,"none",,,,"none",,,2.405602252,0,,,,
"ideal",30,3,1,40,320,1600,160,0,,,,,0,"none",,,0.5821749309,"none",,,1.6537748287,1.2958128965,,,,
"particle",30,3,1,40,320,1600,160,0,2.4719875167,3.7360317747,0.0505694292,-1.3146136872,0,"none",,,0.9553180874,"none",,,1.814711365,0.9872276247,,,,
"franken",30,3,1,40,320,1600,160,0,0.0334138665,0.1064666402,0.0033009245,-0.0763536982,0,"none",,,0.8350923447,"none",,3,1.5607257177,1.1366829479,0.0332924339,0.110203972,0.0047223939,-0.081633932
"truth",30,3,2,,,,,0,,,,,0,"none",,,,"none",,,-2.3308459029,0,,,,
"observed",30,3,2,,,,,0,0.7154343032,0,0.7154343032,0,0,"none",,,,"none",,,-0.1353724095,3,,,,
"ideal",30,3,2,40,320,1600,160,0,0.0027838489,0.0106079075,0.0001146376,-0.0079386962,0,"none",,,1.4269832141,"none",,,0.2192630426,1.2755187416,,,,
"particle",30,3,2,40,320,1600,160,0,14.5832030875,17.4003196341,0.2658588424,-3.0829753891,0,"none",0.022050445,,2.6526480656,"none",,,0.4753057902,0.7149614535,,,,
"franken",30,3,2,40,320,1600,160,0,0.2567821969,0.4167746452,0.0207552853,-0.1807477335,0,"none",0.007040424,,1.6329852266,"none",,3,0.5106324271,1.1374959759,,,,
"truth",30,3,3,,,,,0,,,,,0,"none",,,,"none",,,-5.199063856,0,,,,
"observed",30,3,3,,,,,0,0.5619379896,-6.34413156928661E-017,0.5619379896,0,0,"none",,,,"none",,,1.498089278,3,,,,
"ideal",30,3,3,40,320,1600,1,0,0.0028441894,0.0066120609,0.0001349517,-0.0039028232,0,"none",,,0.6952170894,"none",,,0.2927596913,1.2755187416,,,,
"particle",30,3,3,40,320,1600,1,0,5.2467479783,6.954303205,0.1956755431,-1.9032307698,0,"none",0.059737634,,1.9297412044,"none",,,1.6051971946,1.848066768,,,,
"franken",30,3,3,40,320,1600,1,0,0.056880808,0.1606235398,0.0051610815,-0.1089038133,0,"none",0.012933739,,1.4323488119,"none",,3,0.5318941097,1.0893046204,,,,
"truth",30,3,4,,,,,0,,,,,0,"none",,,,"none",,,-1.5049910507,0,,,,
"observed",30,3,4,,,,,0,0.8093925123,0,0.8093925123,0,0,"none",,,,"none",,,-1.1219830575,3,,,,
"ideal",30,3,4,40,320,1600,1,0,0.0032419461,0.0089260736,0.0001839001,-0.0058680276,0,"none",,,0.5661993866,"none",,,-0.6596430356,1.2755187416,,,,
"particle",30,3,4,40,320,1600,1,0,31.0031680281,34.6281436828,0.234341811,-3.8593174658,0,"none",0.034538324,,0.9029181552,"none",,,0.7203271367,0.1746710732,,,,
"franken",30,3,4,40,320,1600,1,0,0.0570841041,0.1847807724,0.0065726595,-0.1342693278,0,"none",0.005084289,,1.1296646539,"none",,3,-0.4335627792,1.0294291646,,,,
"truth",30,3,5,,,,,0,,,,,0,"none",,,,"none",,,-4.405661178,0,,,,
"observed",30,3,5,,,,,0,0.6909992678,0,0.6909992678,0,0,"none",,,,"none",,,-2.6554810132,3,,,,
"ideal",30,3,5,40,320,1600,1,0,0.0032559224,0.0217344369,0.0001581362,-0.0186366507,0,"none",,,0.4487788104,"none",,,-0.3698449597,1.2755187416,,,,
"particle",30,3,5,40,320,1600,1,0,28.1213741049,31.1504867619,0.4241077299,-3.453220387,0,"none",0.019743754,,1.3851894329,"none",,,-0.9795836584,0.6792679633,,,,
"franken",30,3,5,40,320,1600,1,0,0.1076844633,0.2680074556,0.0064889154,-0.1668119077,0,"none",0.005755035,,1.3005320097,"none",,3,-0.3498832357,1.1230359319,,,,
"truth",30,3,6,,,,,0,,,,,0,"none",,,,"none",,,0.0226586074,0,,,,
"observed",30,3,6,,,,,0,1.5549979141,0,1.5549979141,0,0,"none",,,,"none",,,-1.7920324227,3,,,,
"ideal",30,3,6,40,320,1600,1,0,0.0031957558,-0.0015792213,0.000141708,0.0046332691,0,"none",,,0.7215945841,"none",,,-0.9474619975,1.2755187416,,,,
"particle",30,3,6,40,320,1600,1,0,5.1868769478,6.9437020584,0.1058525914,-1.862677702,0,"none",0.017933349,,1.2292343105,"none",,,-1.3061486377,0.9423087354,,,,
"franken",30,3,6,40,320,1600,1,0,0.0441809702,0.1887924829,0.0024543012,-0.1470658139,0,"none",0.008674277,,1.1658877262,"none",,3,-1.0204318215,1.1173437197,,,,
"truth",30,3,7,,,,,0,,,,,0,"none",,,,"none",,,-3.4472616281,0,,,,
"observed",30,3,7,,,,,0,0.5290714591,0,0.5290714591,0,0,"none",,,,"none",,,0.0419372147,3,,,,
"ideal",30,3,7,40,320,1600,1,0,0.0045240191,0.001433822,0.0001560284,0.0029341688,0,"none",,,0.5720303229,"none",,,-0.1258993334,1.2755187416,,,,
"particle",30,3,7,40,320,1600,1,0,45.5845502869,49.1979902301,0.285168225,-3.8986081682,0,"none",0.041792132,,0.9523431754,"none",,,-1.7936829602,0.5198338965,,,,
"franken",30,3,7,40,320,1600,1,0,0.0707776676,0.1859549688,0.002520868,-0.1176981693,0,"none",0.037783637,,0.8793744568,"none",,3,-0.0670883444,1.239520068,,,,
"truth",30,3,8,,,,,0,,,,,0,"none",,,,"none",,,0.0562792398,0,,,,
"observed",30,3,8,,,,,0,0.3788801064,0,0.3788801064,0,0,"none",,,,"none",,,1.7279295648,3,,,,
"ideal",30,3,8,40,320,1600,1,0,0.003949154,-0.0141008725,0.0001625949,0.0178874316,0,"none",,,0.5478750825,"none",,,1.4480083176,1.2755187416,,,,
"particle",30,3,8,40,320,1600,1,0,268.6215038001,277.1814784646,0.0193910624,-8.579365727,0,"none",0.01905224,,1.0931318052,"none",,,-1.3043771554,0.0606213795,,,,
"franken",30,3,8,40,320,1600,1,0,0.0415999992,0.1353737331,0.0017670456,-0.0955407795,0,"none",0.005888267,,1.1561263945,"none",,3,1.2705502574,1.1563512669,,,,
"truth",30,3,9,,,,,0,,,,,0,"none",,,,"none",,,0.9814085081,0,,,,
"observed",30,3,9,,,,,0,0.8432168994,0,0.8432168994,0,0,"none",,,,"none",,,4.788631855,3,,,,
"ideal",30,3,9,40,320,1600,1,0,0.0037875814,0.0192424987,0.0002109341,-0.0156658515,0,"none",,,0.7831155767,"none",,,1.7986290794,1.2755187416,,,,
"particle",30,3,9,40,320,1600,1,0,289.3002976391,297.829144351,0.0141660767,-8.5430127886,0,"none",0.07762556,,0.995062722,"none",,,-0.2377847104,0.0414698867,,,,
"franken",30,3,9,40,320,1600,1,0,0.1030238841,0.2405410996,0.009503612,-0.1470208275,0,"none",0.011869421,,1.1137399773,"none",,3,1.5561500183,1.0598175659,,,,
"truth",30,3,10,,,,,0,,,,,0,"none",,,,"none",,,3.5695620184,0,,,,
"observed",30,3,10,,,,,0,0.6181178985,0,0.6181178985,0,0,"none",,,,"none",,,-0.0111621156,3,,,,
"ideal",30,3,10,40,320,1600,1,0,0.002978858,0.0149245577,0.0001113945,-0.0120570942,0,"none",,,0.5242775744,"none",,,1.7209942624,1.2755187416,,,,
"particle",30,3,10,40,320,1600,1,0,7.718681312,10.4437753401,0.1418298035,-2.8669238317,0,"none",0.020968961,,1.2975945329,"none",,,0.5985580131,0.4202025939,,,,
"franken",30,3,10,40,320,1600,1,0,0.0241877701,-0.0219372728,0.0027603818,0.0433646611,0,"none",0.012858212,,1.3692775038,"none",,3,1.7892190739,1.1972455516,,,,
"finkel",30,3,2,40,320,1600,40,18403,,,,,15,"bkf.SampleLog",0.563061021,"SingularException",,"bkf.MhCompromise",1,,,,,,,
"finkel",30,3,3,40,320,1600,40,22636,0.1825433122,0.3049889932,0.0104884518,-0.1329341328,15,"bkf.SampleLog",0.55223257,,0.6100404244,"bkf.MhCompromise",1,,-1.3336986777,0.848612013,,,,
"finkel",30,3,4,40,320,1600,40,24408,0.2823813941,0.4253406847,0.0181274914,-0.161086782,15,"bkf.SampleLog",0.488719417,,0.5557377362,"bkf.MhCompromise",1,,-1.3753810224,1.2338351427,,,,
"finkel",30,3,5,40,320,1600,40,23015,0.2107901404,0.2659418957,0.0176916739,-0.0728434291,15,"bkf.SampleLog",0.539583589,,0.4863755205,"bkf.MhCompromise",1,,-0.1940007677,1.087994507,,,,
"finkel",30,3,6,40,320,1600,40,23731,0.1408177822,0.0818726322,0.0082639434,0.0506812066,15,"bkf.SampleLog",0.455725319,,0.7276726486,"bkf.MhCompromise",1,,-0.6053024845,1.7420667003,,,,
"finkel",30,3,7,40,320,1600,40,23500,0.1301796681,0.0666462966,0.0107289949,0.0528043766,15,"bkf.SampleLog",0.536693966,,0.6060452915,"bkf.MhCompromise",1,,-0.2990617046,2.063911126,,,,
"finkel",30,3,8,40,320,1600,40,23814,0.1682919185,0.3280598971,0.0111322027,-0.1709001814,15,"bkf.SampleLog",0.63756177,,0.5250487346,"bkf.MhCompromise",1,,2.0845436491,0.6686301243,,,,
"finkel",30,3,9,40,320,1600,40,23063,0.154755315,0.2433948698,0.008857055,-0.0974966098,15,"bkf.SampleLog",0.786061436,,0.8002910107,"bkf.MhCompromise",1,,2.3388149462,0.7846871829,,,,
"finkel",30,3,10,40,320,1600,40,24240,0.1077892706,0.0624949888,0.006457827,0.0388364547,15,"bkf.SampleLog",0.465577716,,0.5077951567,"bkf.MhCompromise",1,,1.7143176272,1.4834884759,,,,
"finkel",30,3,2,40,320,1600,0,0,0.2913760282,0.2247070096,0.0864208055,-0.0197517869,15,"bkf.SampleLog",0.002342556,,1.1067413179,"bkf.MhCompromise",1,,-0.9759859482,2.7207969913,,,,
"finkel",30,3,3,40,320,1600,0,0,0.1826400041,0.3123654591,0.0186750375,-0.1484004925,15,"bkf.SampleLog",0.002297427,,0.6026281133,"bkf.MhCompromise",1,,-0.2212779841,0.7568264619,,,,
"finkel",30,3,4,40,320,1600,0,0,0.2276077335,0.331816281,0.0204808901,-0.1246894376,15,"bkf.SampleLog",0.003456633,,0.5928871672,"bkf.MhCompromise",1,,-0.6936637533,1.4592796306,,,,
"finkel",30,3,5,40,320,1600,0,0,0.1443520073,0.2803555578,0.0072517029,-0.1432552533,15,"bkf.SampleLog",0.00305304,,0.4274582915,"bkf.MhCompromise",1,,-0.3985277168,0.8545941286,,,,
"finkel",30,3,6,40,320,1600,0,0,0.2526851034,0.4476092565,0.0043327496,-0.1992569026,15,"bkf.SampleLog",0.001676999,,0.7339397854,"bkf.MhCompromise",1,,-1.0500294976,1.5303006887,,,,
"finkel",30,3,7,40,320,1600,0,0,0.2257189787,0.3807169145,0.0088648488,-0.1638627847,15,"bkf.SampleLog",0.001631193,,0.55068569,"bkf.MhCompromise",1,,0.1833431559,1.0758129779,,,,
"finkel",30,3,8,40,320,1600,0,0,0.2059986083,0.3597698687,0.0080133801,-0.1617846405,15,"bkf.SampleLog",0.00302079,,0.5235578949,"bkf.MhCompromise",1,,1.6954232535,1.2089998789,,,,
"finkel",30,3,9,40,320,1600,0,0,0.3483285406,0.618137364,0.0138285183,-0.2836373416,15,"bkf.SampleLog",0.003169896,,0.8266599019,"bkf.MhCompromise",1,,1.3573240349,0.9710456511,,,,
"finkel",30,3,10,40,320,1600,0,0,0.1334303492,0.2432105461,0.0085697332,-0.11834993,15,"bkf.SampleLog",0.002463874,,0.5351477699,"bkf.MhCompromise",1,,1.2581458977,0.9745597206,,,,
"finkel",30,3,2,40,320,1600,80,42172,0.4954973452,0.7226174522,0.0436689373,-0.2707890443,15,"bkf.SampleLog",0.71524216,,1.0615793729,"bkf.MhCompromise",1,,-0.4661418888,1.780315942,,,,
"finkel",30,3,3,40,320,1600,80,52519,0.1739518213,0.1881174365,0.0092459349,-0.0234115501,15,"bkf.SampleLog",0.776847993,,0.62243845,"bkf.MhCompromise",1,,-0.3442564912,1.8378034689,,,,
"finkel",30,3,4,40,320,1600,80,56023,0.1728498899,0.344631482,0.0025668822,-0.1743484744,15,"bkf.SampleLog",0.784407941,,0.5096065844,"bkf.MhCompromise",1,,-1.3123016311,0.6534983235,,,,
"finkel",30,3,5,40,320,1600,80,55332,0.1666840355,0.3748268626,0.0178555184,-0.2259983455,15,"bkf.SampleLog",0.930782249,,0.4064559239,"bkf.MhCompromise",1,,-0.606400628,1.0164414981,,,,
"finkel",30,3,6,40,320,1600,80,57643,0.1278533838,0.1593672177,0.0140976366,-0.0456114706,15,"bkf.SampleLog",1.191741819,,0.7053824102,"bkf.MhCompromise",1,,-0.7456190014,1.0350292029,,,,
"finkel",30,3,7,40,320,1600,80,56750,0.2124399733,0.2954145824,0.0185223966,-0.1014970057,15,"bkf.SampleLog",0.82585151,,0.5623932227,"bkf.MhCompromise",1,,-0.1577549556,1.3872264542,,,,
"finkel",30,3,8,40,320,1600,80,57510,0.160017197,0.2484070932,0.0085016648,-0.0968915611,15,"bkf.SampleLog",1.040539152,,0.523630183,"bkf.MhCompromise",1,,1.3824872829,0.6743595298,,,,
"finkel",30,3,9,40,320,1600,80,53175,0.1780110188,0.1629131989,0.0089796788,0.0061181411,15,"bkf.SampleLog",0.904842647,,0.7809398154,"bkf.MhCompromise",1,,1.6829631661,1.8390656659,,,,
"finkel",30,3,10,40,320,1600,80,55167,0.1269287805,0.0104742147,0.0071321409,0.1093224249,15,"bkf.SampleLog",1.073057022,,0.5066120165,"bkf.MhCompromise",1,,1.173974433,1.0329059662,,,,
"finkel",30,3,2,40,320,1600,20,7246,1.3027660783,1.5614787351,0.0587417987,-0.3174544555,15,"bkf.SampleLog",0.367619217,,1.0826789801,"bkf.MhCompromise",1,,-0.596667002,1.301881621,,,,
"finkel",30,3,3,40,320,1600,20,8416,0.1679109991,-0.0432089865,0.0098405218,0.2012794638,15,"bkf.SampleLog",1.598914791,,0.6518645644,"bkf.MhCompromise",1,,-0.0956688698,1.2975499731,,,,
"finkel",30,3,4,40,320,1600,20,8520,0.168901143,-0.0215682307,0.0227919691,0.1676774045,15,"bkf.SampleLog",0.683757354,,0.6623110808,"bkf.MhCompromise",1,,-1.4179626818,1.6758241151,,,,
"finkel",30,3,5,40,320,1600,20,8715,0.2547744152,0.3152552165,0.0177209509,-0.0782017522,15,"bkf.SampleLog",0.356190643,,0.4923788768,"bkf.MhCompromise",1,,-0.3741291668,1.0564935598,,,,
"finkel",30,3,6,40,320,1600,20,9177,0.1579958286,0.0931895996,0.0124921273,0.0523141017,15,"bkf.SampleLog",0.354240663,,0.778842516,"bkf.MhCompromise",1,,-1.3520956565,1.7107317935,,,,
"finkel",30,3,7,40,320,1600,20,8870,0.2060382944,0.1410484874,0.0123161103,0.0526736967,15,"bkf.SampleLog",0.528095036,,0.5913105943,"bkf.MhCompromise",1,,-0.127067857,1.771277342,,,,
"finkel",30,3,8,40,320,1600,20,8694,0.1720020277,0.1520972204,0.0099555277,0.0099492795,15,"bkf.SampleLog",0.507661909,,0.5005162977,"bkf.MhCompromise",1,,1.9680311237,0.9402726119,,,,
"finkel",30,3,9,40,320,1600,20,8645,0.3035914297,0.3475712185,0.0105452624,-0.0545250513,15,"bkf.SampleLog",0.38453356,,0.8178749824,"bkf.MhCompromise",1,,1.8832137401,2.1131457775,,,,
"finkel",30,3,10,40,320,1600,20,9065,0.1929497873,0.1569910136,0.0118906321,0.0240681416,15,"bkf.SampleLog",0.42047439,,0.5741104986,"bkf.MhCompromise",1,,1.6882455075,1.0000624207,,,,
"finkel",30,3,2,40,320,1600,160,89893,4055087820306380000000000000,4055087820306380000000000000,0.0322872731,-3.487977752,15,"bkf.SampleLog",2.524561701,,1.0908414623,"bkf.MhCompromise",1,,-0.8841118525,1.4725515383,,,,
"finkel",30,3,3,40,320,1600,160,121206,0.2293780485,0.5242910733,0.0217518715,-0.3166648963,15,"bkf.SampleLog",1.771730176,,0.6424166672,"bkf.MhCompromise",1,,-0.5094831481,0.8484889232,,,,
"finkel",30,3,4,40,320,1600,160,125160,0.2648386125,0.5689420913,0.0152766719,-0.3193801507,15,"bkf.SampleLog",1.433617527,,0.4937758758,"bkf.MhCompromise",1,,-0.9063184292,2.0263158853,,,,
"finkel",30,3,5,40,320,1600,160,121198,0.5605725902,0.6977891563,0.0105877394,-0.1478043055,15,"bkf.SampleLog",1.69646796,,0.4856092857,"bkf.MhCompromise",1,,-0.5278976355,1.6465793013,,,,
"finkel",30,3,6,40,320,1600,160,124119,0.1571001961,0.0854211835,0.0210680821,0.0506109306,15,"bkf.SampleLog",1.384885246,,0.780911915,"bkf.MhCompromise",1,,-1.2638083687,1.0975034682,,,,
"finkel",30,3,7,40,320,1600,160,123749,0.2924614844,0.3388513588,0.0082533506,-0.054643225,15,"bkf.SampleLog",1.607322238,,0.6602845355,"bkf.MhCompromise",1,,-0.4928667779,1.404098076,,,,
"finkel",30,3,8,40,320,1600,160,121484,0.2001219752,0.223870063,0.0158707612,-0.0396188491,15,"bkf.SampleLog",1.360699774,,0.5632181287,"bkf.MhCompromise",1,,1.2757283625,1.4929457322,,,,
"finkel",30,3,9,40,320,1600,160,120299,0.1995069212,0.3470425484,0.0158964862,-0.1634321134,15,"bkf.SampleLog",1.63973163,,0.817907533,"bkf.MhCompromise",1,,1.0823115547,0.8765032702,,,,
"finkel",30,3,10,40,320,1600,160,126989,0.1703864576,0.1775993776,0.0077810005,-0.0149939205,15,"bkf.SampleLog",1.383392305,,0.5578100075,"bkf.MhCompromise",1,,1.3438347348,1.0610391056,,,,
"truth",30,1,1,,,,,0,,,,,0,"none",,,,"none",,,-1.6555670481,0,,,,
"observed",30,1,1,,,,,0,,,,,0,"none",,,,"none",,,-2.0760381579,0,,,,
"ideal",30,1,1,40,32000,160000,0,0,,,,,0,"none",,,9.0842613778,"none",,,0,15,,,,
"particle",30,1,1,40,32000,160000,0,0,0.0003964948,-0.0012390696,0.0003747922,0.0012607722,0,"none",,,9.0233300046,"none",,,-0.0029348269,15.0219839326,,,,
"franken",30,1,1,40,32000,160000,0,0,0.0033148671,-0.0002858623,0.0031163215,0.000484408,0,"none",,,9.0222254325,"none",,3,-0.0313543602,15.1168491394,0.0014971747,-0.0057774901,0.0013830131,0.0058916518
"truth",30,1,2,,,,,0,,,,,0,"none",,,,"none",,,-2.5488110418,0,,,,
"observed",30,1,2,,,,,0,0.2220950695,0,0.2220950695,0,0,"none",,,,"none",,,-2.7235823221,3,,,,
"ideal",30,1,2,40,32000,160000,0,0,0.0034263605,-0.0181360075,0.0003209822,0.0212413859,0,"none",,,1.0238422193,"none",,,-1.6824979787,2.2404347605,,,,
"particle",30,1,2,40,32000,160000,0,0,238.3861635151,245.9810889916,0.0500365145,-7.6449619911,0,"none",20.593364894,,0.8993439891,"none",,,-3.2341353295,0.0630166326,,,,
"franken",30,1,2,40,32000,160000,0,0,0.0348228155,-0.0643369442,0.0169796551,0.0821801046,0,"none",8.028345,,1.0713799283,"none",,3,-1.7085344443,2.1179904377,,,,
"truth",30,1,3,,,,,0,,,,,0,"none",,,,"none",,,-1.210486975,0,,,,
"observed",30,1,3,,,,,0,0.2103297575,3.1720657846433E-017,0.2103297575,0,0,"none",,,,"none",,,0.4235837997,3,,,,
"ideal",30,1,3,40,32000,160000,1,0,0.0031199596,0.0111325069,0.000195984,-0.0082085313,0,"none",,,0.6358843199,"none",,,0.2129131044,1.4561552806,,,,
"particle",30,1,3,40,32000,160000,1,0,1.0739432812,2.0831516185,0.053256314,-1.0624646512,0,"none",36.508223802,,0.6263171398,"none",,,-1.1467506992,0.9122248959,,,,
"franken",30,1,3,40,32000,160000,1,0,0.010077076,0.0022625013,0.0021339602,0.0056806145,0,"none",8.099165403,,0.6416601035,"none",,3,0.1960205361,1.3215387907,,,,
"truth",30,1,4,,,,,0,,,,,0,"none",,,,"none",,,1.1142540046,0,,,,
"observed",30,1,4,,,,,0,0.4069962397,-3.1720657846433E-017,0.4069962397,0,0,"none",,,,"none",,,2.2727106979,3,,,,
"ideal",30,1,4,40,32000,160000,1,0,0.0029809807,-0.001674527,0.0001464248,0.0045090829,0,"none",,,0.6901588596,"none",,,1.9477970788,1.3126002234,,,,
"particle",30,1,4,40,32000,160000,1,0,0.7051159189,1.1708653564,0.042259155,-0.5080085924,0,"none",19.993412229,,0.6719735705,"none",,,1.2150312668,1.3098069591,,,,
"franken",30,1,4,40,32000,160000,1,0,0.0124837691,-0.01558332,0.0010126405,0.0270544486,0,"none",7.999823602,,0.6984587503,"none",,3,1.9034806683,1.2190624959,,,,
"truth",30,1,5,,,,,0,,,,,0,"none",,,,"none",,,0.3870162813,0,,,,
"observed",30,1,5,,,,,0,0.3533933964,-6.34413156928661E-017,0.3533933964,0,0,"none",,,,"none",,,-1.0476644906,3,,,,
"ideal",30,1,5,40,32000,160000,1,0,0.0035589942,0.0273753237,0.0001539534,-0.0239702829,0,"none",,,0.5085489267,"none",,,0.2805494263,1.2833839659,,,,
"particle",30,1,5,40,32000,160000,1,0,5.8886023316,8.2703269642,0.0900389362,-2.4717635688,0,"none",22.097847638,,0.4169414899,"none",,,-0.8307884338,0.5413614094,,,,
"franken",30,1,5,40,32000,160000,1,0,0.0079237521,0.0006002637,0.0009573981,0.0063660902,0,"none",8.231492235,,0.5086991541,"none",,3,0.3203533213,1.1882015347,,,,
"truth",30,1,6,,,,,0,,,,,0,"none",,,,"none",,,0.5012657929,0,,,,
"observed",30,1,6,,,,,0,0.1344556243,-1.26882631385732E-016,0.1344556243,0,0,"none",,,,"none",,,-1.2659997529,3,,,,
"ideal",30,1,6,40,32000,160000,1,0,0.0034986618,0.0084725623,0.0001746478,-0.0051485483,0,"none",,,0.4010068199,"none",,,-0.632101328,1.2772059305,,,,
"particle",30,1,6,40,32000,160000,1,0,0.3801212836,0.9404935162,0.0365253142,-0.5968975468,0,"none",9.98365878,,0.4026958626,"none",,,-1.2675399789,1.4807399512,,,,
"franken",30,1,6,40,32000,160000,1,0,0.0067140043,0.0054712367,0.0003492859,0.0008934818,0,"none",7.953551747,,0.3994208247,"none",,3,-0.5770531583,1.2066163897,,,,
"truth",30,1,7,,,,,0,,,,,0,"none",,,,"none",,,1.1428875015,0,,,,
"observed",30,1,7,,,,,0,0.1827900388,-1.26882631385732E-016,0.1827900388,0,0,"none",,,,"none",,,2.7069981278,3,,,,
"ideal",30,1,7,40,32000,160000,1,0,0.003377356,0.0107219641,0.0001108684,-0.0074554764,0,"none",,,0.540698608,"none",,,1.2795409387,1.2758741606,,,,
"particle",30,1,7,40,32000,160000,1,0,0.1323864277,0.2594692801,0.0127961371,-0.1398789894,0,"none",21.283885516,,0.5243034123,"none",,,0.8934836088,1.045136385,,,,
"franken",30,1,7,40,32000,160000,1,0,0.0072397999,0.0096681049,0.0002695585,-0.0026978635,0,"none",8.261595458,,0.5480340526,"none",,3,1.2652691142,1.2100870272,,,,
"truth",30,1,8,,,,,0,,,,,0,"none",,,,"none",,,0.7514957916,0,,,,
"observed",30,1,8,,,,,0,0.3227324525,-9.51619735392991E-017,0.3227324525,0,0,"none",,,,"none",,,2.7317014616,3,,,,
"ideal",30,1,8,40,32000,160000,1,0,0.0029699987,0.007546288,0.0002133664,-0.0047896556,0,"none",,,0.479337866,"none",,,1.2892600039,1.2755910225,,,,
"particle",30,1,8,40,32000,160000,1,0,0.6119660168,1.1512657493,0.064807122,-0.6041068545,0,"none",21.100328492,,0.5479523585,"none",,,0.4687133224,0.8770783435,,,,
"franken",30,1,8,40,32000,160000,1,0,0.0068544408,0.0058120495,0.0002984732,0.0007439181,0,"none",8.082928614,,0.4800553002,"none",,3,1.1513365766,1.1898857433,,,,
"truth",30,1,9,,,,,0,,,,,0,"none",,,,"none",,,-0.6434506094,0,,,,
"observed",30,1,9,,,,,0,0.2227460422,0,0.2227460422,0,0,"none",,,,"none",,,1.2497577324,3,,,,
"ideal",30,1,9,40,32000,160000,1,0,0.0034275019,0.0192057514,0.0002422218,-0.0160204713,0,"none",,,0.4400512945,"none",,,1.0728092761,1.2755328775,,,,
"particle",30,1,9,40,32000,160000,1,0,0.1562023914,0.253350204,0.016774269,-0.1139220816,0,"none",22.144678477,,0.466813568,"none",,,0.5575836375,1.3825576927,,,,
"franken",30,1,9,40,32000,160000,1,0,0.0072071929,0.0150612285,0.0008308666,-0.0086849022,0,"none",8.032506401,,0.4514552445,"none",,3,1.038024309,1.1929486799,,,,
"truth",30,1,10,,,,,0,,,,,0,"none",,,,"none",,,0.0942911792,0,,,,
"observed",30,1,10,,,,,0,0.2548190617,0,0.2548190617,0,0,"none",,,,"none",,,-2.4352161709,3,,,,
"ideal",30,1,10,40,32000,160000,1,0,0.0042050362,0.0142849942,0.0001314762,-0.0102114341,0,"none",,,0.4597940143,"none",,,0.2706393781,1.2755214072,,,,
"particle",30,1,10,40,32000,160000,1,0,0.8428285805,1.7234328297,0.0961334355,-0.9767376848,0,"none",28.295606626,,0.5069169983,"none",,,0.1674154601,0.5228164664,,,,
"franken",30,1,10,40,32000,160000,1,0,0.0078879947,-0.0002688717,0.0014883406,0.0066685258,0,"none",7.983643137,,0.4634304573,"none",,3,0.422751422,1.1889256757,,,,
"finkel",30,1,2,40,32000,160000,40,18059,0.3061865994,0.2939408864,0.0530367672,-0.0407910543,15,"bkf.SampleLog",0.508446117,,1.0606153441,"bkf.MhCompromise",1,,-2.0914265851,3.5547995076,,,,
"finkel",30,1,3,40,32000,160000,40,22799,0.2269928457,0.3284289987,0.0220935877,-0.1235297408,15,"bkf.SampleLog",0.511868764,,0.6146553769,"bkf.MhCompromise",1,,0.032305657,1.870779737,,,,
"finkel",30,1,4,40,32000,160000,40,23068,0.2233260483,0.2365600324,0.0192017402,-0.0324357244,15,"bkf.SampleLog",0.49424915,,0.7167020422,"bkf.MhCompromise",1,,1.8791524651,1.2661235896,,,,
"finkel",30,1,5,40,32000,160000,40,23332,0.1950353845,0.1957931547,0.0198686518,-0.020626422,15,"bkf.SampleLog",0.476402756,,0.6077157156,"bkf.MhCompromise",1,,0.2134598422,1.6176321305,,,,
"finkel",30,1,6,40,32000,160000,40,24204,0.2107091027,0.2243458662,0.0085857263,-0.0222224898,15,"bkf.SampleLog",0.486112153,,0.4350281487,"bkf.MhCompromise",1,,-0.5626204493,1.4724773811,,,,
"finkel",30,1,7,40,32000,160000,40,22359,0.227965556,0.232153336,0.0117189086,-0.0159066886,15,"bkf.SampleLog",0.504316466,,0.5815538603,"bkf.MhCompromise",1,,0.8794425382,1.0207859604,,,,
"finkel",30,1,8,40,32000,160000,40,23582,0.2715442474,0.3173362364,0.0077043499,-0.0534963389,15,"bkf.SampleLog",0.610099326,,0.4565077935,"bkf.MhCompromise",1,,0.6894578708,0.9713661186,,,,
"finkel",30,1,9,40,32000,160000,40,23956,0.1981625595,0.2264806366,0.0113176048,-0.0396356819,15,"bkf.SampleLog",0.703200276,,0.5179819278,"bkf.MhCompromise",1,,0.9810211925,0.8084465584,,,,
"finkel",30,1,10,40,32000,160000,40,23289,0.1317376783,0.1866871676,0.0116823733,-0.0666318626,15,"bkf.SampleLog",0.731081803,,0.471584461,"bkf.MhCompromise",1,,-0.0515476093,1.5003638363,,,,
"truth",30,2,1,,,,,0,,,,,0,"none",,,,"none",,,0.0942911792,0,,,,
"observed",30,2,1,,,,,0,,,,,0,"none",,,,"none",,,-2.4352161709,0,,,,
"ideal",30,2,1,40,32000,160000,40,0,,,,,0,"none",,,0.471584461,"none",,,-0.0515476093,1.5003638363,,,,
"particle",30,2,1,40,32000,160000,40,0,0.8428285805,1.7234328297,0.0961334355,-0.9767376848,0,"none",,,0.5069169983,"none",,,0.1674154601,0.5228164664,,,,
"franken",30,2,1,40,32000,160000,40,0,0.0015969298,-0.0003004649,0.0010666885,0.0008307061,0,"none",,,0.4646730562,"none",,3,0.422751422,1.1889256757,0.0078879947,-0.0002688717,0.0014883406,0.0066685258
