model,dimension,rep,steps,nfp,nfapf,npf,nIter,numMhAccepts,kl,covdiv,meandiv,entropydiv,histPerLoc,sampType,runtime,errorType,sqerr,mhType,useForward,neighborhoodsize,mvlmean,mvlvar
truth,100,1,1,,,,,0,,,,,0,none,,,,none,,,2.587824842368031,0
observed,100,1,1,,,,,0,,,,,0,none,,,,none,,,3.6194071660489646,0
ideal,100,1,1,80,1280,6400,0,0,,,,,0,none,,,2.0815532696100414,none,,,0,3
particle,100,1,1,80,1280,6400,0,0,0.0006611779666111205,0.002231307708503694,0.0002133148948014347,-0.0017834446366940082,0,none,,,2.0806096599787742,none,,,0.02638845236744982,2.991885356160141
franken,100,1,1,80,1280,6400,0,0,0.003150156237196988,0.006499720385290685,0.0012720980508819273,-0.0046216621989756245,0,none,,,2.08892202676616,none,,4,-0.03395276995077836,2.876570608623595
truth,100,1,2,,,,,0,,,,,0,none,,,,none,,,2.6096281363829212,0
observed,100,1,2,,,,,0,,,,,0,none,,,,none,,,2.752817608886407,0
ideal,100,1,2,80,1280,6400,0,0,0.003853684270663356,0.006222484982056841,0.0008530506538290851,-0.003221851365222571,0,none,,,1.6079654121565752,none,,,2.75408316416097,2.8743221773040424
particle,100,1,2,80,1280,6400,0,0,1.4066768365422853,-0.5735473818910963,1.1415867044232169,0.8386375140101646,0,none,0.307002877,,2.6194680570553333,none,,,2.0061507425428684,3.0689093539355072
franken,100,1,2,80,1280,6400,0,0,1.437244289387089,-0.568170390417635,1.1718052312825873,0.8336094485221364,0,none,0.281063717,,2.6204157380016087,none,,4,2.5964224091765966,1.8597920832869397
truth,100,1,3,,,,,0,,,,,0,none,,,,none,,,0.6905101005776244,0
observed,100,1,3,,,,,0,,,,,0,none,,,,none,,,-3.5317167217850614,0
ideal,100,1,3,80,1280,6400,1,0,0.003860241688832809,0.011508634910017718,0.0010701083891712195,-0.008718501610356129,0,none,,,1.5199586410840003,none,,,-1.6219154096966033,2.952734107609102
particle,100,1,3,80,1280,6400,1,0,1.198193401181779,-0.46884367286564566,0.958493190965144,0.7085438830822808,0,none,0.21205663,,2.3918132996717985,none,,,-1.4154388466260857,0.21724160061453293
franken,100,1,3,80,1280,6400,1,0,1.1198423675418074,-0.4815027891662069,0.8870857631172829,0.7142593935907317,0,none,0.074297847,,2.3094313661973276,none,,4,-1.221011879022416,1.6714632047482798
truth,100,1,4,,,,,0,,,,,0,none,,,,none,,,-2.2525171682365475,0
observed,100,1,4,,,,,0,,,,,0,none,,,,none,,,-1.6569200401020168,0
ideal,100,1,4,80,1280,6400,1,0,0.0038598844491030877,-0.0011626353203430008,0.001148555840015924,0.0038739639294301637,0,none,,,1.7331054194623448,none,,,-0.9537787524501211,2.97236657292994
particle,100,1,4,80,1280,6400,1,0,1.7810067554035847,-0.4518943872905829,1.5473753760142557,0.6855257666799116,0,none,0.575488837,,2.8491401763379245,none,,,0.2834671059005489,0.25172430779634125
franken,100,1,4,80,1280,6400,1,0,1.2682022638859478,-0.4823752738264526,1.0330720132767683,0.7175055244356319,0,none,0.078262105,,2.71901397051975,none,,4,-0.5802571195112378,1.7762352498827263
truth,100,1,5,,,,,0,,,,,0,none,,,,none,,,-0.7714638614165384,0
observed,100,1,5,,,,,0,,,,,0,none,,,,none,,,0.3796055050599446,0
ideal,100,1,5,80,1280,6400,1,0,0.003679034178719954,-0.005072339170861247,0.0009865757791621419,0.007764797570419059,0,none,,,1.3501621891355984,none,,,-0.36022173235636545,2.976525357455234
particle,100,1,5,80,1280,6400,1,0,1.5360856169519794,-0.37273237789637204,1.3471787575623106,0.5616392372860406,0,none,0.152540764,,2.3961181776039084,none,,,1.1306263276515938,0.015868465463384027
franken,100,1,5,80,1280,6400,1,0,1.055967958140083,-0.4814616587216858,0.8172535462201713,0.7201760706415972,0,none,0.076488171,,2.20897673701148,none,,4,-0.2625478274903157,1.7049368346854739
truth,100,1,6,,,,,0,,,,,0,none,,,,none,,,0.2869674327366061,0
observed,100,1,6,,,,,0,,,,,0,none,,,,none,,,0.5881799062736788,0
ideal,100,1,6,80,1280,6400,1,0,0.004387946503651778,0.01339606349561487,0.0013846424552018536,-0.010392759447164947,0,none,,,1.3954454359354331,none,,,-0.014802490979488075,2.977385132914949
particle,100,1,6,80,1280,6400,1,0,1.6259315572723028,-0.3675094815833762,1.4402991605190902,0.553141878336589,0,none,0.168423319,,2.239362421367085,none,,,2.2505121421000687,0.22757318022520198
franken,100,1,6,80,1280,6400,1,0,1.2012552538451113,-0.4790285028710272,0.9659649784473039,0.7143187782688347,0,none,0.068217034,,2.2246726862758583,none,,4,0.2729961409449112,1.7510445175421898
truth,100,1,7,,,,,0,,,,,0,none,,,,none,,,-0.5245733755619582,0
observed,100,1,7,,,,,0,,,,,0,none,,,,none,,,-2.47052229790031,0
ideal,100,1,7,80,1280,6400,1,0,0.003723206672459723,0.00452526963437562,0.0009213098642764872,-0.0017233728261923829,0,none,,,1.464997926288875,none,,,-0.9390075753530107,2.977562427120631
particle,100,1,7,80,1280,6400,1,0,1.8225115372222582,-0.42421996397826217,1.605550490816442,0.6411810103840786,0,none,0.150574415,,2.657542866006841,none,,,1.3232287509748226,0.1331174295101575
franken,100,1,7,80,1280,6400,1,0,1.370121495585599,-0.47948214925029126,1.1298530958981996,0.7197505489376907,0,none,0.071466614,,2.4897177422298973,none,,4,-0.48970307165614685,1.4859605976700725
truth,100,1,8,,,,,0,,,,,0,none,,,,none,,,-3.891637428123804,0
observed,100,1,8,,,,,0,,,,,0,none,,,,none,,,-2.6494352361692846,0
ideal,100,1,8,80,1280,6400,1,0,0.004228694240851791,0.007288151347182983,0.001116378895563939,-0.004175836001895133,0,none,,,1.7539515337722682,none,,,-2.071838949242757,2.977599025717396
particle,100,1,8,80,1280,6400,1,0,2.08159227738023,-0.3721558143074736,1.8909869159979078,0.5627611756897957,0,none,0.177485739,,2.8649578129022877,none,,,-0.6970777784019576,0.003953464569120007
franken,100,1,8,80,1280,6400,1,0,1.4351074360306384,-0.482212359390551,1.197375955539559,0.7199438398816305,0,none,0.074870432,,2.777370189155606,none,,4,-1.3992278033833523,1.689173259724824
truth,100,1,9,,,,,0,,,,,0,none,,,,none,,,-2.8870301060837136,0
observed,100,1,9,,,,,0,,,,,0,none,,,,none,,,0.014029480108055603,0
ideal,100,1,9,80,1280,6400,1,0,0.00405733204888847,-0.00022755781059602073,0.0009325124049296303,0.003352377454554859,0,none,,,1.3726510452870069,none,,,0.012997863220788664,2.9776065913251593
particle,100,1,9,80,1280,6400,1,0,1.4775959885479628,-0.3649225599297189,1.2917945035051235,0.5507240449725579,0,none,0.173959512,,2.40556105890816,none,,,-1.2411865582229304,17523636496556676e-22
franken,100,1,9,80,1280,6400,1,0,1.0078185228916436,-0.4891234011908563,0.7712840439595163,0.7256578801229838,0,none,0.067298544,,2.059673334351732,none,,4,0.3532134016059973,1.6826358189237665
truth,100,1,10,,,,,0,,,,,0,none,,,,none,,,0.5568212535806838,0
observed,100,1,10,,,,,0,,,,,0,none,,,,none,,,1.7173324002069787,0
ideal,100,1,10,80,1280,6400,1,0,0.004128303313205096,0.004948043969213038,0.0012491316265058536,-0.0020688722825137947,0,none,,,1.415243247545858,none,,,1.2977551441197939,2.9776081572078326
particle,100,1,10,80,1280,6400,1,0,1.7526278146502146,-0.3586176876221445,1.5683171935425784,0.5429283087297809,0,none,0.483193566,,2.5001963186432548,none,,,2.035599659349329,0.04482881308134031
franken,100,1,10,80,1280,6400,1,0,1.6432126842360704,-0.47900554606617135,1.405348407969797,0.7168698223324449,0,none,0.070747484,,2.479926687261782,none,,4,1.21671132842486,1.619893405015963
truth,100,1,11,,,,,0,,,,,0,none,,,,none,,,0.41039367261147053,0
observed,100,1,11,,,,,0,,,,,0,none,,,,none,,,-0.842258240862414,0
ideal,100,1,11,80,1280,6400,1,0,0.004373799698555716,0.002601407279013156,0.0013211963177370706,0.00045119610180548983,0,none,,,1.619127726483021,none,,,0.22918377503533727,2.977608481649553
particle,100,1,11,80,1280,6400,1,0,1.476730157610291,-0.3617240102717486,1.291440044388706,0.547014123493334,0,none,0.14741902,,2.3727274773800997,none,,,-1.0958966820528693,1.9166381288930054
franken,100,1,11,80,1280,6400,1,0,1.0316618279807708,-0.4868540447541299,0.7940661551245471,0.7244497176103537,0,none,0.075635548,,2.2903165193207093,none,,4,0.3045364025497533,1.7152422493291168
truth,100,1,12,,,,,0,,,,,0,none,,,,none,,,1.1166205758301464,0
observed,100,1,12,,,,,0,,,,,0,none,,,,none,,,3.771389330677973,0
ideal,100,1,12,80,1280,6400,1,0,0.0035724440065240423,9481167097106595e-20,0.0009539799302224954,0.0025236524053304805,0,none,,,1.6482299886031246,none,,,2.0367406604669687,2.977608548936356
particle,100,1,12,80,1280,6400,1,0,1.4000852791660598,-0.39720134546044683,1.1993187549334237,0.5979678696930829,0,none,0.177202699,,2.7199566544586897,none,,,0.8772398459195945,1.0948051773632754
franken,100,1,12,80,1280,6400,1,0,1.115828439933485,-0.4790122393657104,0.8797090630102153,0.7151316162889803,0,none,0.08055597,,2.5283577873955583,none,,4,1.5485411270371123,1.7825967803712928
truth,100,1,13,,,,,0,,,,,0,none,,,,none,,,1.5355081793772296,0
observed,100,1,13,,,,,0,,,,,0,none,,,,none,,,2.1904314841287045,0
ideal,100,1,13,80,1280,6400,1,0,0.0039378225270783815,0.002815366117043953,0.0009771731198299281,0.00014528329020450063,0,none,,,1.47720832015869,none,,,2.287178182475194,2.977608562903692
particle,100,1,13,80,1280,6400,1,0,2.155256840582464,-0.43935994705126796,1.9280180083031928,0.6665987793305393,0,none,0.156005985,,2.68560195344642,none,,,1.9948535317030012,0.21385732971109608
franken,100,1,13,80,1280,6400,1,0,1.8386752585985253,-0.4819409764549753,1.6032962373226376,0.7173199977308631,0,none,0.06373306,,2.5473676774028955,none,,4,2.0960123251568974,1.639306469619627
truth,100,1,14,,,,,0,,,,,0,none,,,,none,,,-1.5934723814647445,0
observed,100,1,14,,,,,0,,,,,0,none,,,,none,,,-1.398630791218265,0
ideal,100,1,14,80,1280,6400,1,0,0.005451014132491515,0.005968038962219741,0.0014654312346970323,-0.001982456064425259,0,none,,,1.6777564964870977,none,,,0.0040255844926286866,2.977608565805542
particle,100,1,14,80,1280,6400,1,0,2.0056297142133546,-0.37924450072952937,1.8129457765711134,0.5719284383717705,0,none,0.151486189,,2.8055138153079735,none,,,1.5223683518644469,0.0029396408337365033
franken,100,1,14,80,1280,6400,1,0,1.3700005344294082,-0.4790056668585685,1.130725504406105,0.7182806968818716,0,none,0.062401809,,2.529425988160466,none,,4,0.33749707173185467,1.5342018243018263
truth,100,1,15,,,,,0,,,,,0,none,,,,none,,,-5.930344597081957,0
observed,100,1,15,,,,,0,,,,,0,none,,,,none,,,-1.8525196242560202,0
ideal,100,1,15,80,1280,6400,1,0,0.003994329445820878,0.006775945944072576,0.0007116220982373319,-0.0034932385964890306,0,none,,,1.5358657673877778,none,,,-1.5253944153165369,2.9776085664089464
particle,100,1,15,80,1280,6400,1,0,1.797240377768401,-0.35921345069119165,1.6127907673971487,0.543663061062444,0,none,0.157375317,,2.728282883892563,none,,,0.8771306656699827,3.125730710409955
franken,100,1,15,80,1280,6400,1,0,1.3130293436744958,-0.47358027252844526,1.0773016426945818,0.7093079735083587,0,none,0.072492198,,2.522672295337874,none,,4,-1.3345280170810923,1.9489364693933813
truth,100,1,16,,,,,0,,,,,0,none,,,,none,,,-4.804355615274888,0
observed,100,1,16,,,,,0,,,,,0,none,,,,none,,,-3.6951918561531567,0
ideal,100,1,16,80,1280,6400,1,0,0.004086942760681701,0.009761845619226718,0.0009797589542723235,-0.0066546618128173396,0,none,,,1.715202047381592,none,,,-2.9243451112402647,2.977608566534523
particle,100,1,16,80,1280,6400,1,0,2.0499176669897237,-0.47375540249509607,1.8003042476156086,0.723368821869211,0,none,0.455671775,,3.048365810461797,none,,,1.3445102980789816,1.0889208516533155
franken,100,1,16,80,1280,6400,1,0,1.2808488830310854,-0.47293609863699665,1.040949777105208,0.712835204562874,0,none,0.072962057,,2.644957908887842,none,,4,-2.27551572364948,1.850280077083588
truth,100,1,17,,,,,0,,,,,0,none,,,,none,,,-5.1881880407095515,0
observed,100,1,17,,,,,0,,,,,0,none,,,,none,,,-2.874263668653867,0
ideal,100,1,17,80,1280,6400,1,0,0.0036584818288495813,0.011949360451811579,0.0011285080139448722,-0.009419386636906868,0,none,,,1.8610714104571753,none,,,-2.0614275274950105,2.9776085665606793
particle,100,1,17,80,1280,6400,1,0,1.9431309647377144,-0.40090811580713204,1.7359439338149607,0.6080951467298855,0,none,0.141219476,,2.9552586642363927,none,,,-1.5865344829647023,0.9126248387546584
franken,100,1,17,80,1280,6400,1,0,1.2825840666035417,-0.4801325533455525,1.0468820441787454,0.715834575770349,0,none,0.076724154,,2.7408960852802937,none,,4,-1.4173468988696676,1.665194970414626
truth,100,1,18,,,,,0,,,,,0,none,,,,none,,,-0.9393327276515674,0
observed,100,1,18,,,,,0,,,,,0,none,,,,none,,,2.068594469660975,0
ideal,100,1,18,80,1280,6400,1,0,0.003975587136049924,0.007435563348706478,0.0007197249505124287,-0.004179701163168982,0,none,,,1.6979723532367148,none,,,0.6181587571797319,2.9776085665661314
particle,100,1,18,80,1280,6400,1,0,1.7728168391845085,-0.4431774946067535,1.5560244534765797,0.6599698803146826,0,none,0.210130073,,2.959146629361107,none,,,1.7856620462997357,4.0706734147219175
franken,100,1,18,80,1280,6400,1,0,1.3142790064504872,-0.4777607852627418,1.07954216589765,0.7124976258155791,0,none,0.065335004,,2.7295873209728843,none,,4,0.7809410097839266,1.8187416728175345
truth,100,1,19,,,,,0,,,,,0,none,,,,none,,,-1.4931560011883394,0
observed,100,1,19,,,,,0,,,,,0,none,,,,none,,,-0.14283487990387123,0
ideal,100,1,19,80,1280,6400,1,0,0.0038185247011479967,0.00773602270171084,0.0007857965724006086,-0.004703294572963451,0,none,,,1.6667086052382514,none,,,0.8229529566067831,2.9776085665672687
particle,100,1,19,80,1280,6400,1,0,1.9280591723590497,-0.42465196425457524,1.7125201908247505,0.6401909457888748,0,none,0.170270352,,3.091494076939274,none,,,4.165745076889147,0.0007098654924430636
franken,100,1,19,80,1280,6400,1,0,1.2155404492440025,-0.4817149400814896,0.9765515954228231,0.7207037939026689,0,none,0.074068415,,2.639980576970339,none,,4,0.8475085980927822,1.7645293668277393
truth,100,1,20,,,,,0,,,,,0,none,,,,none,,,1.5884313648280184,0
observed,100,1,20,,,,,0,,,,,0,none,,,,none,,,2.5392706213945226,0
ideal,100,1,20,80,1280,6400,1,0,0.00425079082291053,0.006836390798759317,0.0009727582062929208,-0.003558358182141709,0,none,,,1.6693801192829494,none,,,2.664758205601614,2.9776085665675063
particle,100,1,20,80,1280,6400,1,0,1.3389010608332717,-0.35950545640689063,1.1549720740148317,0.5434344432253306,0,none,0.159877992,,2.6916829431460036,none,,,3.9482486635871976,0.7366246666915643
franken,100,1,20,80,1280,6400,1,0,1.1272352598701176,-0.48693795128052786,0.8949745929887695,0.7191986181618758,0,none,0.080671879,,2.5358936457964747,none,,4,2.3377448624783,1.7346728751456624
truth,100,1,21,,,,,0,,,,,0,none,,,,none,,,1.248814578860899,0
observed,100,1,21,,,,,0,,,,,0,none,,,,none,,,0.26593091584582623,0
ideal,100,1,21,80,1280,6400,1,0,0.004166059304890766,0.01610389831439906,0.0013946923838234148,-0.01333253139333171,0,none,,,1.3998593209576156,none,,,0.7983117902224525,2.9776085665675565
particle,100,1,21,80,1280,6400,1,0,1.7441148546543672,-0.4952311935770234,1.492719644745055,0.7466264034863357,0,none,0.202455376,,2.6561998874371797,none,,,0.5142111879890628,0.9353625632827467
franken,100,1,21,80,1280,6400,1,0,1.4437394210019017,-0.4848526971298836,1.2049412116277578,0.7236509065040275,0,none,0.105908759,,2.3756042850823933,none,,4,0.5569997589584833,1.756196372834113
truth,100,1,22,,,,,0,,,,,0,none,,,,none,,,0.3500771913288532,0
observed,100,1,22,,,,,0,,,,,0,none,,,,none,,,1.3317591000166744,0
ideal,100,1,22,80,1280,6400,1,0,0.0039192379506615815,0.001557403533121272,0.0012500804713375024,0.0011117539462028065,0,none,,,1.701403770540214,none,,,1.835348616636021,2.9776085665675662
particle,100,1,22,80,1280,6400,1,0,1.8769483396848252,-0.469172047139752,1.631117938440246,0.7150024483843307,0,none,0.583387033,,3.119769266733939,none,,,2.283448178201447,0.0035447797530099704
franken,100,1,22,80,1280,6400,1,0,1.2248307440447062,-0.4761832736656854,0.9901118467075438,0.7109021710028479,0,none,0.069348927,,2.728961942057036,none,,4,1.2578957223759009,1.7776305667457224
truth,100,1,23,,,,,0,,,,,0,none,,,,none,,,-0.8837402063728598,0
observed,100,1,23,,,,,0,,,,,0,none,,,,none,,,0.14435813700225586,0
ideal,100,1,23,80,1280,6400,1,0,0.00486601947692277,0.0005963880465229689,0.0014886593631250964,0.0027809720672747045,0,none,,,1.586547307790968,none,,,0.7995837120531817,2.977608566567569
particle,100,1,23,80,1280,6400,1,0,1.6045843004365508,-0.36310677483652126,1.4182099161736945,0.5494811590993774,0,none,0.266753247,,2.6363957243855634,none,,,-0.07536022066461293,0.5051377566743084
franken,100,1,23,80,1280,6400,1,0,1.1631319364661326,-0.4866280513990272,0.9271281837199896,0.7226318041451699,0,none,0.117508793,,2.5111314700456946,none,,4,0.2549458171220912,1.8075252412560676
truth,100,1,24,,,,,0,,,,,0,none,,,,none,,,-0.24832170341253731,0
observed,100,1,24,,,,,0,,,,,0,none,,,,none,,,0.5740740202560191,0
ideal,100,1,24,80,1280,6400,1,0,0.004336948819989881,-0.001560209686231273,0.001198735322833546,0.004698423183387608,0,none,,,1.488530189145638,none,,,-0.26331107014450267,2.97760856656757
particle,100,1,24,80,1280,6400,1,0,1.9301885575149438,-0.4656334536105531,1.6925179683310025,0.7033040427944939,0,none,0.28115113,,2.5573849907345987,none,,,-0.3607392291852494,0.047470772525075304
franken,100,1,24,80,1280,6400,1,0,1.2812797139720944,-0.4735731219047727,1.048130533127014,0.7067223027498529,0,none,0.109615971,,2.3611897770439576,none,,4,-0.37192718190290214,1.7664553810470327
truth,100,1,25,,,,,0,,,,,0,none,,,,none,,,3.8964798745661975,0
observed,100,1,25,,,,,0,,,,,0,none,,,,none,,,-0.09408545846869532,0
ideal,100,1,25,80,1280,6400,1,0,0.004127657536693522,-0.000919979483032042,0.0012511991270286898,0.0037964378926968727,0,none,,,1.5712196659331548,none,,,0.5047247567799943,2.9776085665675702
particle,100,1,25,80,1280,6400,1,0,1.1499917367681631,-0.37354191976023826,0.9585778362485473,0.5649558202798542,0,none,0.175475999,,2.524883849504302,none,,,-0.0869977063970086,0.027272698705604028
franken,100,1,25,80,1280,6400,1,0,0.973711243067841,-0.4883678308260775,0.7339605835244516,0.7281184903694666,0,none,0.085759667,,2.3677574851407455,none,,4,0.4051962310711676,1.6873617268270167
truth,100,1,26,,,,,0,,,,,0,none,,,,none,,,2.09536687282955,0
observed,100,1,26,,,,,0,,,,,0,none,,,,none,,,3.1603214669384307,0
ideal,100,1,26,80,1280,6400,1,0,0.0043052383905939785,-0.001953575325353687,0.001291486023434562,0.004967327692513105,0,none,,,1.424957642084598,none,,,2.974763378341976,2.9776085665675702
particle,100,1,26,80,1280,6400,1,0,1.621003836292785,-0.3741027171499567,1.428493431632449,0.566613121810293,0,none,0.181892369,,2.7603974381233214,none,,,1.3912988147527952,1.7218356124024246
franken,100,1,26,80,1280,6400,1,0,1.1630637365589922,-0.47667599682315237,0.9290867945637639,0.710652938818381,0,none,0.06583765,,2.377995152737235,none,,4,2.385482193478101,1.6683367322358484
truth,100,1,27,,,,,0,,,,,0,none,,,,none,,,2.4298356189592853,0
observed,100,1,27,,,,,0,,,,,0,none,,,,none,,,-1.3105344772551262,0
ideal,100,1,27,80,1280,6400,1,0,0.004298570856315269,0.006523466402182636,0.0011514062034806336,-0.003376301749348001,0,none,,,1.4762827094208228,none,,,0.2396173903349632,2.9776085665675702
particle,100,1,27,80,1280,6400,1,0,1.5768262438470948,-0.4864067051736201,1.3212350784134104,0.7419978706073046,0,none,0.189319652,,2.626311518196717,none,,,1.2107854453765783,0.3661814032858156
franken,100,1,27,80,1280,6400,1,0,1.161234501342679,-0.4828430740472858,0.9265142183392352,0.7175633570507299,0,none,0.085355506,,2.3497450233105583,none,,4,0.06382079528937698,1.525061472222157
truth,100,1,28,,,,,0,,,,,0,none,,,,none,,,1.9178952870128483,0
observed,100,1,28,,,,,0,,,,,0,none,,,,none,,,-2.8193164496760206,0
ideal,100,1,28,80,1280,6400,1,0,0.003957825269373371,-0.001961800683745091,0.0010962413588752702,0.004823384594243192,0,none,,,1.4182944796909203,none,,,-1.2608219208489928,2.9776085665675702
particle,100,1,28,80,1280,6400,1,0,1.7831565737803752,-0.43017259317855716,1.572335188809475,0.640993978149457,0,none,0.432931597,,2.553377831953171,none,,,-1.1163660112177034,0.034901666488854934
franken,100,1,28,80,1280,6400,1,0,1.481718980412593,-0.4776820405896851,1.2392517762351398,0.7201492447671385,0,none,0.074822285,,2.3552230002635293,none,,4,-0.9382302974169846,1.6696038046749393
truth,100,1,29,,,,,0,,,,,0,none,,,,none,,,5.299070409105635,0
observed,100,1,29,,,,,0,,,,,0,none,,,,none,,,3.368766706008342,0
ideal,100,1,29,80,1280,6400,1,0,0.0033951477646089407,0.013048555370423221,0.0009984821764658465,-0.010651889782280127,0,none,,,1.6213441376419495,none,,,2.570624162216484,2.9776085665675702
particle,100,1,29,80,1280,6400,1,0,1.3532767551526745,-0.38027155291729925,1.1577485170974964,0.5757997909724772,0,none,0.195646561,,2.7452393916282483,none,,,0.9796088337368982,0.6002868700505939
franken,100,1,29,80,1280,6400,1,0,1.3495375971735193,-0.4771362780480463,1.113374381063533,0.7132994941580321,0,none,0.06917314,,2.4450377730713004,none,,4,2.0309951774580477,1.704731296351733
truth,100,1,30,,,,,0,,,,,0,none,,,,none,,,5.620481110279549,0
observed,100,1,30,,,,,0,,,,,0,none,,,,none,,,6.302107630422863,0
ideal,100,1,30,80,1280,6400,1,0,0.004228762452415572,0.004142744024534753,0.0012827550163803181,-0.0011967365884994997,0,none,,,1.4723862371397705,none,,,4.806289981064078,2.9776085665675702
particle,100,1,30,80,1280,6400,1,0,2.0364285883701743,-0.45751420347394056,1.8147921436960468,0.679150648148068,0,none,0.148803005,,2.7422494830911974,none,,,2.9186156794440588,0.03656994003979406
franken,100,1,30,80,1280,6400,1,0,1.4472648636722003,-0.48392360505949666,1.210745358709082,0.7204431100226151,0,none,0.064082775,,2.4950914084976596,none,,4,3.676177415266502,1.659801295409873
truth,100,1,31,,,,,0,,,,,0,none,,,,none,,,1.8530060769282866,0
observed,100,1,31,,,,,0,,,,,0,none,,,,none,,,-0.051145180973194204,0
ideal,100,1,31,80,1280,6400,1,0,0.00484929474054635,0.0006466745907853788,0.001212985722812668,0.002989634426948302,0,none,,,1.6387861716380387,none,,,2.6716472039281633,2.9776085665675702
particle,100,1,31,80,1280,6400,1,0,1.7949180335410753,-0.36497770001718416,1.6109535806629747,0.5489421528952848,0,none,0.200220686,,2.711697262711457,none,,,0.4101212458018304,0.19924112594934082
franken,100,1,31,80,1280,6400,1,0,1.3895832368584555,-0.4797933045997823,1.150034731515454,0.719341809942784,0,none,0.096913389,,2.6092009089870887,none,,4,2.0269370880988498,1.7579254962357367
truth,100,1,32,,,,,0,,,,,0,none,,,,none,,,0.5278351489734736,0
observed,100,1,32,,,,,0,,,,,0,none,,,,none,,,-0.3143534076874639,0
ideal,100,1,32,80,1280,6400,1,0,0.0038198982034934772,-0.0007034385915726014,0.0010847971268278006,0.0034385396682382785,0,none,,,1.9381990370442637,none,,,0.6555709002879713,2.9776085665675702
particle,100,1,32,80,1280,6400,1,0,1.3062621837865784,-0.3838883675762399,1.1132411019457347,0.5769094494170839,0,none,0.149215951,,2.6626601261309046,none,,,-0.04280048666799212,3.3179509836779237
franken,100,1,32,80,1280,6400,1,0,1.0530164933315538,-0.4765146495101224,0.811519850708782,0.7180112921328944,0,none,0.081748843,,2.572657463648916,none,,4,0.41471214462095474,1.863503509275974
truth,100,1,33,,,,,0,,,,,0,none,,,,none,,,-0.6954664536058583,0
observed,100,1,33,,,,,0,,,,,0,none,,,,none,,,-1.4212593072680546,0
ideal,100,1,33,80,1280,6400,1,0,0.004235749139527937,0.006538021197378203,0.0012467041531087923,-0.003548976210959057,0,none,,,1.758533805170152,none,,,-0.11277644625572256,2.9776085665675702
particle,100,1,33,80,1280,6400,1,0,1.8212960762400505,-0.4405957454019978,1.5983617142268558,0.6635301074151929,0,none,0.163450375,,2.7576545402105204,none,,,1.286204359511361,0.5213182138518532
franken,100,1,33,80,1280,6400,1,0,1.3020516699047322,-0.4837383540424451,1.0622742340684865,0.7235157898786906,0,none,0.080433578,,2.5928811241041863,none,,4,-0.2865391671950949,1.7258120808723372
truth,100,1,34,,,,,0,,,,,0,none,,,,none,,,-0.9893144873228299,0
observed,100,1,34,,,,,0,,,,,0,none,,,,none,,,-0.47592460703330464,0
ideal,100,1,34,80,1280,6400,1,0,0.0035860939636449007,0.008099986048999891,0.0008491229621081568,-0.005363015047463146,0,none,,,1.7846116451319973,none,,,-0.9350848818149272,2.9776085665675702
particle,100,1,34,80,1280,6400,1,0,1.4874492286380456,-0.4912715224033589,1.2311365898089142,0.7475841612324905,0,none,0.437054576,,2.711863018590431,none,,,1.8870305728600423,1.355415823336541
franken,100,1,34,80,1280,6400,1,0,1.0058471771452746,-0.47266733791226934,0.7689081160855996,0.7096063989719444,0,none,0.072106789,,2.514068426996847,none,,4,-0.8405240870330617,1.6369170892189842
truth,100,1,35,,,,,0,,,,,0,none,,,,none,,,-1.6145812704511315,0
observed,100,1,35,,,,,0,,,,,0,none,,,,none,,,-3.304879576058005,0
ideal,100,1,35,80,1280,6400,1,0,0.0038388064809585956,0.006647399384037965,0.0010350955827822352,-0.0038436884858616045,0,none,,,1.634900622163881,none,,,-2.4483464418019523,2.9776085665675702
particle,100,1,35,80,1280,6400,1,0,2.1749633162405306,-0.487841187987671,1.9175172783099577,0.7452872259182446,0,none,0.164296637,,2.8591758685545665,none,,,-0.8017584628454594,0.028351613245396208
franken,100,1,35,80,1280,6400,1,0,1.6247242219536666,-0.478044809587845,1.3873846934119112,0.7153843381296,0,none,0.072664868,,2.796244331653543,none,,4,-2.003526952597146,1.821284450602336
truth,100,1,36,,,,,0,,,,,0,none,,,,none,,,-2.597662598305094,0
observed,100,1,36,,,,,0,,,,,0,none,,,,none,,,-1.2750573180630804,0
ideal,100,1,36,80,1280,6400,1,0,0.003527790713842229,0.016539278316360814,0.0010476213737547024,-0.014059108976273287,0,none,,,1.7047939660363487,none,,,-2.0296821484221566,2.9776085665675702
particle,100,1,36,80,1280,6400,1,0,1.3294667055675584,-0.36414108708197784,1.1443316881761476,0.5492761044733887,0,none,0.15897643,,2.5233855536341667,none,,,-4.38935996573083,1.8483242980833294
franken,100,1,36,80,1280,6400,1,0,1.2004682279829193,-0.48112500598934954,0.9638874533371665,0.717705780635102,0,none,0.072575238,,2.4738717873783904,none,,4,-1.7152978267823222,1.6024489852612542
truth,100,1,37,,,,,0,,,,,0,none,,,,none,,,-1.149562159280138,0
observed,100,1,37,,,,,0,,,,,0,none,,,,none,,,-1.5791421587060679,0
ideal,100,1,37,80,1280,6400,1,0,0.004123787927770934,0.007430898444056533,0.0011665525121380715,-0.0044736630284236715,0,none,,,1.734112187765564,none,,,-1.2038559119562469,2.9776085665675702
particle,100,1,37,80,1280,6400,1,0,1.608211204616316,-0.40718846498916944,1.4026445009300978,0.6127551686753878,0,none,0.203429125,,2.9183681533603494,none,,,-5.236330297948198,4.611046809897637
franken,100,1,37,80,1280,6400,1,0,1.3099085337104945,-0.4769300953679561,1.0756656014646937,0.711173027613757,0,none,0.065672939,,2.723363808260348,none,,4,-0.8909313580859999,1.7412058806790445
truth,100,1,38,,,,,0,,,,,0,none,,,,none,,,-1.070527195366476,0
observed,100,1,38,,,,,0,,,,,0,none,,,,none,,,4.269613159903362,0
ideal,100,1,38,80,1280,6400,1,0,0.00368224386888481,0.0005615895880542707,0.0007995617191190891,0.00232109256171145,0,none,,,1.6031544603080812,none,,,1.7864676077684698,2.9776085665675702
particle,100,1,38,80,1280,6400,1,0,1.9454901662967317,-0.4259312072391936,1.726750324327046,0.6446710492088793,0,none,0.17903938,,2.667410062550441,none,,,-2.018694104442223,0.00478629103789
franken,100,1,38,80,1280,6400,1,0,1.5579019861733914,-0.48205629652304477,1.3212416907069238,0.7187165919895117,0,none,0.063644088,,2.4563479318298675,none,,4,1.629580714974359,1.8072087551929719
truth,100,1,39,,,,,0,,,,,0,none,,,,none,,,-2.8828436775350395,0
observed,100,1,39,,,,,0,,,,,0,none,,,,none,,,-1.1715883643395357,0
ideal,100,1,39,80,1280,6400,1,0,0.003926463004551489,0.0021165758621647748,0.0010323689320120347,0.00077751821037468,0,none,,,1.5343155181073906,none,,,-0.5959732970946658,2.9776085665675702
particle,100,1,39,80,1280,6400,1,0,1.266439320503763,-0.35965954702012914,1.082377732053093,0.5437211354707993,0,none,0.176794005,,2.445504101396843,none,,,-1.1662731968897126,0.9684820813018138
franken,100,1,39,80,1280,6400,1,0,1.07298643456676,-0.4829597987671907,0.8378504402082526,0.7180957931256977,0,none,0.077636604,,2.277827870688703,none,,4,-0.46167574837538433,1.6335893903209375
truth,100,1,40,,,,,0,,,,,0,none,,,,none,,,-2.3723236691132445,0
observed,100,1,40,,,,,0,,,,,0,none,,,,none,,,-2.1518299514471364,0
ideal,100,1,40,80,1280,6400,1,0,0.004518381174790997,0.003008997140939253,0.001588116219392745,-7873218554100104e-20,0,none,,,1.5257327513147614,none,,,-1.0011502287723186,2.9776085665675702
particle,100,1,40,80,1280,6400,1,0,1.9230231116717587,-0.4386751472253914,1.6996497812726055,0.662048477624545,0,none,0.431141638,,2.9347049511661756,none,,,0.4826339331050881,2.4505779451681082
franken,100,1,40,80,1280,6400,1,0,1.6702554232484605,-0.4748386231511922,1.435439673857889,0.7096543725417641,0,none,0.082247491,,2.6941211100234046,none,,4,-1.0201366158527734,1.8000237369627576
finkel,100,1,2,80,1280,6400,30,128991,0.23736316499508542,0.057639488599794494,0.11223527922863809,0.06748839716665282,3,bkf.SampleUniform,9.504002469,,1.7860022829708313,bkf.MhSampled,true,,2.1453243280542513,2.6707914999184115
finkel,100,1,3,80,1280,6400,30,127662,0.2861603160168202,-0.019451426877951268,0.1566536474084522,0.14895809548631922,3,bkf.SampleUniform,9.641680675,,1.7107117615618055,bkf.MhSampled,true,,-1.1960835864767183,3.662768461101289
finkel,100,1,4,80,1280,6400,30,124468,0.28382453099705013,-0.11450465419937574,0.157552416635188,0.24077676856123786,3,bkf.SampleUniform,7.969104516,,2.0277891306029843,bkf.MhSampled,true,,-0.5235341641453835,2.232435215157362
finkel,100,1,5,80,1280,6400,30,126285,0.3238776420669192,-0.15497249954974954,0.2098682464195535,0.26898189519711524,3,bkf.SampleUniform,8.660303181,,1.693098862743339,bkf.MhSampled,true,,-0.18157130590443007,2.9445820707044974
finkel,100,1,6,80,1280,6400,30,126963,0.3153097215662309,-0.062408173313666215,0.19175087857199644,0.1859670163079007,3,bkf.SampleUniform,10.283668738,,1.609831403846151,bkf.MhSampled,true,,-0.14214289097237723,3.3393328105784774
finkel,100,1,7,80,1280,6400,30,125940,0.4790984747614219,-0.06219531827614712,0.3384947726612498,0.20279902037631928,3,bkf.SampleUniform,9.220848314,,1.701092141828724,bkf.MhSampled,true,,-0.706921149837169,4.476958018050927
finkel,100,1,8,80,1280,6400,30,125598,0.4031466870068934,-0.037813287067297294,0.28344933133611877,0.1575106427380718,3,bkf.SampleUniform,9.159697789,,1.9618124109952653,bkf.MhSampled,true,,-1.5837921809652307,3.9997425762118675
finkel,100,1,9,80,1280,6400,30,129586,0.2964630860987354,-0.03201076692172096,0.18153874281136675,0.1469351102090896,3,bkf.SampleUniform,8.888410917,,1.6738108893032337,bkf.MhSampled,true,,-0.3162338891674099,3.839985143475213
finkel,100,1,10,80,1280,6400,30,120997,0.3046679205985775,-0.07569979929515598,0.17426671814870823,0.20610100174502524,3,bkf.SampleUniform,8.315244155,,1.7907843220069286,bkf.MhSampled,true,,1.6392699504849084,3.5214825465966566
finkel,100,1,11,80,1280,6400,30,129823,0.3009760350752026,-0.06758379491047674,0.20163839620044235,0.16692143378523702,3,bkf.SampleUniform,11.145337178,,1.9339939442298388,bkf.MhSampled,true,,0.6209623300874066,3.2552366353300695
finkel,100,1,12,80,1280,6400,30,129017,0.20673500266643907,-0.04596181629247603,0.08588257788852707,0.166814241070388,3,bkf.SampleUniform,10.423190451,,1.7865655495714248,bkf.MhSampled,true,,2.1693095130632005,3.6809285525051307
finkel,100,1,13,80,1280,6400,30,122307,0.33310877197793315,-0.0961558529184314,0.20975749512039846,0.21950712977596604,3,bkf.SampleUniform,14.679345429,,1.875608340821574,bkf.MhSampled,true,,2.0084075645184014,2.8118177170178673
finkel,100,1,14,80,1280,6400,30,123332,0.3374796359741573,-0.11277876704035433,0.19221076961232855,0.25804763340218306,3,bkf.SampleUniform,10.323761002,,2.000862987414815,bkf.MhSampled,true,,-0.2189045423721725,3.2985556903594007
finkel,100,1,15,80,1280,6400,30,125802,0.3628961935365855,-0.10918442217080625,0.22174980905941064,0.2503308066479811,3,bkf.SampleUniform,11.598428848,,1.842917122757512,bkf.MhSampled,true,,-1.5374488923784555,3.515724489149963
finkel,100,1,16,80,1280,6400,30,129374,0.29902257092112094,-0.0477539556861844,0.17449316751597185,0.17228335909133344,3,bkf.SampleUniform,10.75271347,,1.898669108177494,bkf.MhSampled,true,,-2.7808878325345154,1.9320459222666049
finkel,100,1,17,80,1280,6400,30,128068,0.29756018217661045,-0.13588827424467986,0.20484385747502643,0.22860459894626395,3,bkf.SampleUniform,10.056401631,,2.078213729310784,bkf.MhSampled,true,,-1.9975263788724913,3.5332812629702306
finkel,100,1,18,80,1280,6400,30,127067,0.27482000445395366,-0.0795883738012988,0.17600010623843326,0.17840827201681927,3,bkf.SampleUniform,10.103866194,,1.9269954435514045,bkf.MhSampled,true,,0.20222703218823707,2.5443577110522813
finkel,100,1,19,80,1280,6400,30,127498,0.24569039551011937,-0.04124852959166556,0.1382030721349528,0.1487358529668321,3,bkf.SampleUniform,8.457759355,,1.9306529790179745,bkf.MhSampled,true,,0.3382457568431413,2.5920364557526305
finkel,100,1,20,80,1280,6400,30,124770,0.3296121880698941,-0.1408638312056448,0.20848068707055734,0.2619953322049815,3,bkf.SampleUniform,8.867113119,,1.9050584598120686,bkf.MhSampled,true,,2.211687445679483,3.3534503485037357
finkel,100,1,21,80,1280,6400,30,121504,0.2741849321620895,-0.15283852637719886,0.15157862711274642,0.27544483142654197,3,bkf.SampleUniform,9.464611528,,1.6700641796963585,bkf.MhSampled,true,,0.14447861431787964,3.780195516305058
finkel,100,1,22,80,1280,6400,30,128827,0.2634653417668651,-0.11519588093342585,0.1527499301058812,0.2259112925944098,3,bkf.SampleUniform,8.787327336,,2.011150143097567,bkf.MhSampled,true,,1.1254481011865904,3.7495781421419427
finkel,100,1,23,80,1280,6400,30,129385,0.3717969454633293,0.015247882883936805,0.24397924061625859,0.11256982196313392,3,bkf.SampleUniform,9.139409418,,1.7808396833408282,bkf.MhSampled,true,,0.8464118634050687,2.4470425723642037
finkel,100,1,24,80,1280,6400,30,128537,0.31047941646246546,-0.01582324718586344,0.19136384853949145,0.13493881510883748,3,bkf.SampleUniform,8.805980565,,1.7065249265919795,bkf.MhSampled,true,,-0.28650133119612126,2.5542103496498454
finkel,100,1,25,80,1280,6400,30,128801,0.3335990031641842,-0.10605962544511306,0.2205775063115425,0.21908112229775487,3,bkf.SampleUniform,9.047029764,,1.8697604115871542,bkf.MhSampled,true,,-0.6396168134619827,4.574890845038929
finkel,100,1,26,80,1280,6400,30,129366,0.29871803786074075,-0.08451002493562232,0.19554137820986783,0.18768668458649523,3,bkf.SampleUniform,14.22906068,,1.65729581330367,bkf.MhSampled,true,,1.7242654134092572,2.2686061559252466
finkel,100,1,27,80,1280,6400,30,128430,0.2503288687721104,-0.020995391656295027,0.12201422386887133,0.14931003655953407,3,bkf.SampleUniform,11.677591275,,1.6502366203744097,bkf.MhSampled,true,,0.4883353146548378,2.937935106976201
finkel,100,1,28,80,1280,6400,30,125670,0.39913956297447045,-0.09568641383407621,0.2489349124932038,0.24589106431534286,3,bkf.SampleUniform,9.693026541,,1.732384504524719,bkf.MhSampled,true,,-0.9867166785975818,4.606669412551712
finkel,100,1,29,80,1280,6400,30,126554,0.30511363918729933,-0.06569889723875867,0.16455542009290233,0.2062571163331557,3,bkf.SampleUniform,8.77483724,,1.8334149779207707,bkf.MhSampled,true,,2.4962393338830813,5.52154816733395
finkel,100,1,30,80,1280,6400,30,122597,0.33868209037056063,-0.0654617940385924,0.20310876886726065,0.20103511554189243,3,bkf.SampleUniform,10.508581717,,1.7192136252105858,bkf.MhSampled,true,,4.642722064318345,2.9566108987185498
finkel,100,1,31,80,1280,6400,30,127170,0.3224041924682083,-0.10111324963584073,0.19853930059149277,0.22497814151255624,3,bkf.SampleUniform,9.253780732,,1.9022912462529138,bkf.MhSampled,true,,2.7142569980783753,2.649136177554672
finkel,100,1,32,80,1280,6400,30,128901,0.26416156775081917,-0.04991234399164745,0.13797406840548854,0.17609984333697812,3,bkf.SampleUniform,8.539391074,,2.0282062804110756,bkf.MhSampled,true,,1.1771581622755134,2.7429489383409495
finkel,100,1,33,80,1280,6400,30,127717,0.27393529576377657,-0.09384743204270478,0.15364485129444685,0.21413787651203442,3,bkf.SampleUniform,9.114502768,,2.042222593479303,bkf.MhSampled,true,,0.10562356542507309,2.3387882285810453
finkel,100,1,34,80,1280,6400,30,126890,0.256218295617111,-0.0932454047330708,0.16141073319064048,0.18805296715954128,3,bkf.SampleUniform,9.710117194,,2.0035578337981748,bkf.MhSampled,true,,-0.3649050646326613,2.2486832698791877
finkel,100,1,35,80,1280,6400,30,124999,0.3760046627111281,-0.06532334215765116,0.22902781928885219,0.21230018557992708,3,bkf.SampleUniform,8.221169459,,2.00178795762018,bkf.MhSampled,true,,-2.2190509249695336,3.5255645493679766
finkel,100,1,36,80,1280,6400,30,126865,0.3262178086201276,-0.10966319453557882,0.22618744474702493,0.2096935584086815,3,bkf.SampleUniform,8.836478186,,1.9476408255036255,bkf.MhSampled,true,,-2.0349281037429883,4.872070557433399
finkel,100,1,37,80,1280,6400,30,127419,0.30841357586400303,-0.010423071938109204,0.17746617631667175,0.14137047148544057,3,bkf.SampleUniform,10.118212402,,2.031153914136177,bkf.MhSampled,true,,-0.6959856776307446,5.092941123784064
finkel,100,1,38,80,1280,6400,30,128454,0.44222068491938643,-0.0035638677631938836,0.28268346520993104,0.16310108747264931,3,bkf.SampleUniform,11.459000028,,1.853838112380036,bkf.MhSampled,true,,1.6427812372343378,5.064061026752054
finkel,100,1,39,80,1280,6400,30,125159,0.3235468982343397,-0.06235037596440657,0.1984896774883545,0.18740759671039176,3,bkf.SampleUniform,8.508736796,,1.7396001221038557,bkf.MhSampled,true,,-0.03241623580719423,4.052306610310634
finkel,100,1,40,80,1280,6400,30,126912,0.4935445178734126,-0.0042872178240144655,0.3362258532775064,0.1616058824199206,3,bkf.SampleUniform,8.498485886,,1.9132817658136905,bkf.MhSampled,true,,-0.5627144955289152,4.731974635305121
finkel,100,1,2,80,1280,6400,2,1470,0.17298305837707498,0.12060281548447113,0.08253244711278457,-0.030152204220180723,3,bkf.SampleUniform,8.049320408,,1.717935674082558,bkf.MhSampled,true,,2.281873008112696,2.415763799119845
finkel,100,1,3,80,1280,6400,2,1468,0.18016037013189293,0.12373638218980122,0.09193770993566487,-0.035513721993573145,3,bkf.SampleUniform,7.489385269,,1.5652267987076978,bkf.MhSampled,true,,-0.7975824377375001,1.8319317032572369
finkel,100,1,4,80,1280,6400,2,1454,0.203360919960444,0.2025697891596586,0.09861890601105856,-0.0978277752102732,3,bkf.SampleUniform,8.146188516,,1.8015788926387297,bkf.MhSampled,true,,-0.6461169936370188,2.4410034322794085
finkel,100,1,5,80,1280,6400,2,1518,0.17851704639916766,0.08578716818233807,0.09176387854044811,0.0009659996763814641,3,bkf.SampleUniform,8.365972818,,1.4078884870485127,bkf.MhSampled,true,,0.002489887108211434,2.239706718785644
finkel,100,1,6,80,1280,6400,2,1480,0.21579007553644677,0.1614130108481616,0.10772877934198893,-0.053351714653703766,3,bkf.SampleUniform,7.678884036,,1.3646610050171568,bkf.MhSampled,true,,-0.15092963183399466,1.9490807772209113
finkel,100,1,7,80,1280,6400,2,1491,0.29343047305851405,0.20193751100360852,0.17519402406265214,-0.08370106200774656,3,bkf.SampleUniform,8.111926351,,1.5145214252909103,bkf.MhSampled,true,,-0.9115229402974017,2.5874413825883327
finkel,100,1,8,80,1280,6400,2,1458,0.26733327615413366,0.09044418287000823,0.18270834375333656,-0.005819250469211131,3,bkf.SampleUniform,7.892094992,,1.832342581249512,bkf.MhSampled,true,,-1.5112083770034865,2.559434753523368
finkel,100,1,9,80,1280,6400,2,1510,0.1980876814960675,0.050777583442887075,0.10960658404154923,0.03770351401163119,3,bkf.SampleUniform,7.86671359,,1.4628223177260302,bkf.MhSampled,true,,0.14514049617656336,2.4769977160347967
finkel,100,1,10,80,1280,6400,2,1453,0.31935687073648117,0.27761834805061897,0.14460686920803648,-0.10286834652217433,3,bkf.SampleUniform,8.662916016,,1.5681944327183277,bkf.MhSampled,true,,1.675184860970814,2.4112199531270955
finkel,100,1,11,80,1280,6400,2,1545,0.20274626664531892,0.14557481003440323,0.10428990339898629,-0.047118446788070624,3,bkf.SampleUniform,17.096229135,,1.706369975870937,bkf.MhSampled,true,,0.5530983745124639,2.1533324069260864
finkel,100,1,12,80,1280,6400,2,1435,0.18497383682041452,0.10452243010664836,0.0924110796541042,-0.011959672940337972,3,bkf.SampleUniform,10.29986748,,1.6570735746989347,bkf.MhSampled,true,,2.0875894525976473,1.6405623856279103
finkel,100,1,13,80,1280,6400,2,1367,0.3028806161566195,0.0621223101032452,0.20863010304659166,0.0321282030067827,3,bkf.SampleUniform,7.779976986,,1.606970036668844,bkf.MhSampled,true,,1.558323694999169,1.7773731133658393
finkel,100,1,14,80,1280,6400,2,1524,0.244472446144119,0.15860876904539392,0.1319949419568413,-0.04613126485811626,3,bkf.SampleUniform,7.251338836,,1.744447278893849,bkf.MhSampled,true,,-0.10660231728020711,1.900095370774679
finkel,100,1,15,80,1280,6400,2,1510,0.2596950989730268,0.08691332377799503,0.17260165364714697,0.00018012154788474977,3,bkf.SampleUniform,7.529860042,,1.6500691909284797,bkf.MhSampled,true,,-0.9922510841713906,2.5927823786121307
finkel,100,1,16,80,1280,6400,2,1474,0.2315974946721843,0.03895190438302312,0.14822109448144524,0.04442449580771593,3,bkf.SampleUniform,7.144338971,,1.7118268627439097,bkf.MhSampled,true,,-2.637568635116137,2.670831621723938
finkel,100,1,17,80,1280,6400,2,1462,0.24732021688372707,0.18292719500596413,0.13252299439317192,-0.06812997251540899,3,bkf.SampleUniform,7.667850495,,1.8382405336074554,bkf.MhSampled,true,,-2.0007496884677813,2.3079818532636955
finkel,100,1,18,80,1280,6400,2,1444,0.24458259743872363,0.08572825734849926,0.16158899165729546,-0.002734651567071122,3,bkf.SampleUniform,7.459932971,,1.8578057004966653,bkf.MhSampled,true,,0.2804426374785135,1.7351766958982935
finkel,100,1,19,80,1280,6400,2,1516,0.344389429549624,0.22223850692623406,0.15400551865310252,-0.03185459602971269,3,bkf.SampleUniform,8.072876221,,1.8225571724772578,bkf.MhSampled,true,,0.48683732964127724,2.4022033021192755
finkel,100,1,20,80,1280,6400,2,1456,0.26192731874376896,0.11576939185966857,0.15930721294846698,-0.013149286064366569,3,bkf.SampleUniform,7.752639728,,1.8643863083932115,bkf.MhSampled,true,,2.0262616563087414,2.8975910869544474
finkel,100,1,21,80,1280,6400,2,1544,0.2456221373253301,0.1495625169720047,0.11940390583035586,-0.02334428547703045,3,bkf.SampleUniform,7.041384173,,1.553603253929909,bkf.MhSampled,true,,1.091420873169545,1.724331521899553
finkel,100,1,22,80,1280,6400,2,1413,0.26920570055677856,0.10064010883719875,0.1603217082599656,0.008243883459614102,3,bkf.SampleUniform,7.79528906,,1.9509655353991235,bkf.MhSampled,true,,1.7189992337375066,2.2297706494136107
finkel,100,1,23,80,1280,6400,2,1491,0.24890134277430348,0.17058470890101385,0.11640993850567316,-0.038093304632383536,3,bkf.SampleUniform,8.652827241,,1.6440390756478653,bkf.MhSampled,true,,0.603837609201725,1.4078523195889405
finkel,100,1,24,80,1280,6400,2,1454,0.23991994792127838,0.10700094560625513,0.14886560859250886,-0.015946606277485564,3,bkf.SampleUniform,8.008241697,,1.5477507509056856,bkf.MhSampled,true,,-0.14958678169798795,2.6998559869621954
finkel,100,1,25,80,1280,6400,2,1557,0.19646584331126626,0.12250287734106727,0.10521751944720188,-0.03125455347700286,3,bkf.SampleUniform,12.17667493,,1.7014969310240065,bkf.MhSampled,true,,0.019178288741665484,2.9540098488171047
finkel,100,1,26,80,1280,6400,2,1470,0.25073673600330165,0.10234210778269108,0.15236470606276994,-0.003970077842159356,3,bkf.SampleUniform,8.198927162,,1.5106812947594297,bkf.MhSampled,true,,2.3266399043414485,2.954666896528733
finkel,100,1,27,80,1280,6400,2,1568,0.18290217480830742,0.1670390051848363,0.10259090538715704,-0.08672773576368593,3,bkf.SampleUniform,8.320035,,1.5085063038945523,bkf.MhSampled,true,,0.5978316106966153,1.8569649912194217
finkel,100,1,28,80,1280,6400,2,1420,0.3030946302825945,0.13063306110506406,0.20260143124244512,-0.030139862064914667,3,bkf.SampleUniform,7.451287385,,1.564900488856166,bkf.MhSampled,true,,-0.902416721531262,1.6936980353964977
finkel,100,1,29,80,1280,6400,2,1491,0.24236276291091044,0.10508826246618609,0.15277558923429152,-0.015501088789567198,3,bkf.SampleUniform,7.121325123,,1.7027755142328835,bkf.MhSampled,true,,1.7719454304242699,3.177434534333846
finkel,100,1,30,80,1280,6400,2,1528,0.28268083654787296,0.09862766318775344,0.19293899521971883,-0.008885821859599297,3,bkf.SampleUniform,8.156921755,,1.5228610634765338,bkf.MhSampled,true,,3.5772074188854353,2.426692002604129
finkel,100,1,31,80,1280,6400,2,1564,0.3161889732171249,0.0984627261270015,0.19997849853870323,0.017747748551420278,3,bkf.SampleUniform,7.422028953,,1.7313327101320515,bkf.MhSampled,true,,2.336594234412912,1.6306443381999338
finkel,100,1,32,80,1280,6400,2,1495,0.2083590059269818,0.1262530092911834,0.09936152981001459,-0.01725553317421618,3,bkf.SampleUniform,8.062583423,,1.8533695002548356,bkf.MhSampled,true,,0.7976978232635343,2.560533626262783
finkel,100,1,33,80,1280,6400,2,1576,0.24238999926042437,0.14847768918493454,0.134144112004791,-0.04023180192930123,3,bkf.SampleUniform,9.635889247,,1.7717062508768795,bkf.MhSampled,true,,0.30406302673572616,1.6473744375311974
finkel,100,1,34,80,1280,6400,2,1517,0.2086620055329482,0.16186605015573496,0.10224194653270396,-0.05544599115549072,3,bkf.SampleUniform,7.297116214,,1.8103598711453148,bkf.MhSampled,true,,-0.6335647574015234,2.356923010171273
finkel,100,1,35,80,1280,6400,2,1518,0.2302843034867267,0.1354009315075821,0.11238218199534165,-0.017498810016197033,3,bkf.SampleUniform,8.552154809,,1.6737235635001695,bkf.MhSampled,true,,-1.345291013485494,2.341505083046703
finkel,100,1,36,80,1280,6400,2,1585,0.19144422888580293,0.15007438403302284,0.087697888054496,-0.046328043201715984,3,bkf.SampleUniform,9.240566825,,1.6764827564383897,bkf.MhSampled,true,,-0.9893841276699389,2.338315569523276
finkel,100,1,37,80,1280,6400,2,1480,0.23995320862992414,0.13373355017562127,0.1357776890641144,-0.02955803060981153,3,bkf.SampleUniform,12.712386965,,1.8711035671437615,bkf.MhSampled,true,,-1.1999929498942339,2.9810700723619155
finkel,100,1,38,80,1280,6400,2,1438,0.39478091105785135,0.07701479636031183,0.30242590734185276,0.015340207355686792,3,bkf.SampleUniform,9.188547987,,1.6939502022385422,bkf.MhSampled,true,,1.0285228491796772,2.4307426126149947
finkel,100,1,39,80,1280,6400,2,1423,0.2191352883386195,0.08370749409239893,0.13467453705922136,0.000753257186999205,3,bkf.SampleUniform,9.164855738,,1.5606177086185966,bkf.MhSampled,true,,-0.4659337511239454,2.263059827651973
finkel,100,1,40,80,1280,6400,2,1414,0.2394400901134888,0.1481162019107429,0.13634091622658145,-0.04501702802383556,3,bkf.SampleUniform,10.561705334,,1.630435318070583,bkf.MhSampled,true,,-0.5801512127178821,2.229259897409748
